정답,문제,유사답안,출제연도,문제소분류,문제대분류,비고
반정규화,"정규화된 엔티티, 속성, 관계에 대해 시스템의 성능향상과 개발(Development)과 운영(Maintanance)의 단순화를 위해 중복, 통합, 분리 등을 수행하는 데이터 모델링의 기법",,2020년 1회,데이터베이스,데이터 입출력 구현,"둘 이상의 릴레이션들에 대하여 조인한 결과를 빈번하게 이용하는 경우, 반정규화 함으로써 질의응답 시간이 단축될 수 있다."
XML,"HTML의 단점을 보완한 언어로, SGML의 복잡한 단점을 개선한 다목적 마크업 언어이다. 웹상에서 구조화된 문서를  상호교환 가능하도록 설계된 웹 표준 문서 포맷으로 메타 데이터 정의가 명확하다. 사용자가 새로운 태그와 속성을 정의할 수 있는 확장성을 가진다. 유니코드를 사용하여 전 세계의 모든 문자를 처리 가능하며 장치와 시스템에 독립적이다.",,2020년 1회,프로그래밍언어,통합 구현,
살충제 패러독스,동일한 테스트 게이스로 동일한 절차를 반복 수행하면 새로운 결함을 찾을 수 없다는 것을 의미한다. 잠재된 수많은 결함을 발견하기 위해서는 테스트 케이스를 정기적으로 개선하는 것이 필요하다는 원리이다.,,2020년 1회,패러다임,서버프로그램 구현,같은 테스트케이스를 가지고 테스트를 계속해서 반복하면 내성으로 인해 결국은 버그가 발견되지 않는다. 이러한 현상을 방지하기 위해서는 테스터가 적극적 자세를 가지고 지속적으로 테스트케이스를 검토하고 개선해야한다. 
"결합도, 응집도","모듈화를 중심으로 하는 소프트웨어 설계 방법에서는 모듈의 독립성을 높게 해주는 것이 좋은 설계 방향이다. 모듈의 독립성을 높여주기 위해서는 각 모듈 간의 관련성을 나타내는 (1)은 낮추고, 모듈 안의 요소들이 서로 관련되어 있는 정도를 나타내는 (2)는 높이는 것이 가장 바람직하다.",,2020년 1회,모듈,서버프로그램 구현,
JSON,"( )은 데이터를 저장하거나 전송할 때 많이 사용되는 경량의 DATA 교환 방식이다. ( ) 표현식은 사람과 기계 모두 이해하기 쉬우며 소용량으로 최근에 XML을 대체해서 데이터 전송 등에 많이 사용한다. Ajax에서 서버와 통신하며 데이터 교환을 쉽게 하기 위해 ( )을 데이터 전송형식으로 많이 사용한다. ( )의 문법은 key와 value가 쌍으로 존재하며 태그로 표현하기 보다는 중괄호 같은 형식으로 하고, 값을 ‘,’로 나열하기에 그 표현이 간단하다.",,2020년 1회,프로그래밍언어,인터페이스 구현,
"처리량, 응답 시간, 경과 시간","(1)은 애플리케이션이 주어진 시간에 처리할 수 있는 트랜잭션의 수로, 웹 애플리케이션의 경우 시간당 페이지 수로 표현하기도 한다. (2)은 사용자 입력이 끝난 후 , 애플리케이션의 응답 출력이 개시될 때까지의 시간으로, 웹 애플리케이션의 경우 메뉴 클릭 시 해당 메뉴가 나타나기까지 걸리는 시간을 말한다. (3)은 애플리케이션에 사용자가 요구를 입력한 시점부터 트랜잭션 처리 후 그 결과의 출력이 완료 할 때까지 걸리는 시간을 말한다. 자원 사용율은 애플리케이션이 트랜잭션 처리하는 동안 사용하는 CPU 사용량, 메모리 사용량, 네트워크 사용량을 말한다.",,2020년 1회,애플리케이션 성능,애플리케이션 테스트 관리,"애플리케이션 성능이란 사용자의 요구 기능을 해당 애플리케이션이 최소의 자원을 사용하면서 얼마나 빨리, 많은 기능을 수행하는가를 육안 또는 도구를 통하여 점검하는 것을 말한다. 이를 측정하기 위한 지표는 (1), (2), (3), 자원 사용율이 있다."
랜드 어택,"( )은 네트워크 패킷의 출발지 IP를 변조하여 공격 대상의 자원을 소모시키는 공격으로 기밀성과 가용성을 침해하는 공격 유형이다.

주로 3-Way-Handshaking의 연결 지향적 특징을 가지는 서비스에서 발생된다.

( )은 출발지 IP 주소와 도착지 IP 주소가 동일한 특징이 있어 네트워크 모니터링 도구인 와이어샤크의 컨버세션(Conversations)기능을 통해 동일 IP 주소 간에 통신 여부를 체크하는 방법으로 공격 여부를 확인할 수 있다. 해당 패킷의 출발지와 도착지의 IP주소가 동일한 패킷을 기본적으로 차단하여 ( )을 막을 수 있다.",,2020년 1회,네트워크 공격 유형,소프트웨어 개발 보안 구축,
"구문, 의미, 타이밍",통신 프로토콜(Communication Protocol)은 컴퓨터나 원거리 통신 장비 사이에서 메시지를 주고받는 양식과 규칙의 체계이다. 통신 프로토콜을 구성하는 기본 요소 3가지를 쓰시오.,,2020년 1회,프로토콜,응용 SW 기초 기술 활용,
HRN,운영체제의 비선점 프로세스 스케줄링기법 중 하나로 어떤 작업이 서비스받을 시간과 그 작업이 서비스를 기다린 시간으로 결정되는 우선순위에 따라 CPU를 할당하는 기법이다.,,2020년 1회,스케줄링,응용 SW 기초 기술 활용,우선순위 계산식 = (대기시간 + 서비스시간) / 서비스시간
"원자성, 독립성","(1) : 트랜잭션의 가장 기본적인 특성으로 트랜잭션 내의 연산은 반드시 모두 수행되어야하며 그렇지 못한 경우 모두 수행되지 않아야 함.
일관성 : 트랜잭션이 정상적으로 완료된 후 언제나 일관성 있는 데이터베이스 상태가 되어야 하며, 결과에 모순이 생겨서는 안 됨
(2) : 하나의 트랜잭션이 수행 중에는 다른 트랜잭션이 접근할 수 없고 각각의 트랜잭션은 독립적이어야 함
영속성 : 지속성이라고도 하며, 트랜잭션이 성공적으로 완료된 후 결과는 지속적으로 유지되어야 함",,2020년 1회,트랜잭션,응용 SW 기초 기술 활용,
물리 계층,"OSI 7 참조 모델 중 두 장비 간의 전송을 위한 연결이나 전달 등의 인터페이스의 기계적, 전기적, 절차적 특성을 정의하며 비트를 물리적인 매체를 통해 전송하는 계층을 쓰시오.",,2020년 1회,OSI 7,응용 SW 기초 기술 활용,
헤더,"릴리즈 노트(Relese Note)는 고객 편의성을 고려하여 조직의 최종 사용자인 고객과 잘 정리된 릴리즈 정보를 공유하는 문서이다. 릴리즈 노트의 내용으로는 보통 특정 소프트웨어 릴리즈의 최근 변경 사항, 개선 사항 및 버그 수정을 간결히 요약되어 있다. 릴리즈 노트 작성 항목 중 문서 이름(릴리스 노트 이름), 제품 이름, 버전 번호, 릴리즈 날짜, 참고 날짜, 노트 버전 등을 기술하는 작성항목이 무엇인지 쓰시오. ",,2020년 1회,IT 용어,제품소프트웨어 패키징,
데이터 마이닝,"대량의 데이터에서 실제로 존재하지 않는 정보를 얻어내기 위해 각 데이터의 상관관계를 통계적 분석, 인공지능 기법 등을 통해 통계적 규칙(Rule)이나 패턴(Pattern)을 찾아내는 것이다.",,2020년 1회,IT 용어,정보처리 실무 일반(기타),
MD5,입력 데이터로부터 128비트의 축약 메시지인 해시 값을 생성하는 해시 함수로 주로 프로그램이나 파일이 원본 그대로인지를 확인하는 무결성 검사 용도로 많이 쓰이고 있다. 1990년 R. Rivert가 MD4를 일방향 해시함수로 개선한 알고리즘이 무엇인지 쓰시오.,,2020년 1회,알고리즘,정보처리 실무 일반(기타),
애자일,"( )은 작업 계획을 짧은 단위로 세우고 시제품을 만들어 나가는 사이클을 반복함으로써 고객의 요구 변화에 유연하고도 신속하게 대응하는 개발 방법론이다. 이와 반대되는 개념이 전통적 개발 방법론이라 할 ‘워터폴(Waterfall) 방식’이다.
( )은 소프트웨어 개발에 국한되지 않고 조직과 사업 등 기업경영 전반으로 사용 범위가 확산되고 있다.
( )은 짧은 개발 주기를 가지고 프로젝트 계획 수립과 진행에 있어서 최초의 프로젝트 일정 계획에 매이지 않고 고객 중심으로 계획을 융통성 있게 변경한다. 단계별 문서 산출물 확인보다는 해당 소프트웨어 코딩이 제대로 동작하는지(code-oriented) 고객에게 확인하는 과정을 꾸준히 진행한다.
( )은 프로젝트 진행 도중에 일부 결과물인 시제품을 고객에게 지속적이며 반복적으로 제공한다. 고객의 요구사항이 정확하게 반영되고 있는지 수시로 점검하게 된다.",,2020년 2회,SW 개발방법론,요구사항 확인,
"개념적 설계, 논리적 설계, 물리적 설계","다음은 데이터베이스 설계의 순서이다. 빈 칸 ( )에 부합하는 용어를 보기에서 골라 순서대로 쓰시오.
요구사항 분석 → (1) → (2) → (3) → 구현",,2020년 2회,데이터베이스,데이터 입출력 구현,
SOAP,"HTTP, HTTPS, SMTP 등을 사용하여 XML 기반의 메시지를 컴퓨터 네트워크 상에서 교환하는 형태의 프로토콜로써 Enveloper, Header, Body의 주요 3요소로 구성된 간접 연계 방식의 웹서비스의 기본적인 메시지 전송 수단을 의미하는 용어를 쓰시오.",,2020년 2회,프로토콜,통합 구현,
형상 관리,"소프트웨어 개발 과정에서 변경에 대비하기 위한 소프트웨어 ( )는 반드시 필요하다. ( )는 소프트웨어 품질 보증을 위한 주요한 요소이며, 주 임무는 변경의 통제이다. 소프트웨어 ( )란 소프트웨어 개발 과정에서 발생하는 산출물의 변경 사항을 관리하기 위한 일련의 활동을 말한다. 소프트웨어 리사이클 기간 동안 개발 되는 제품의 무결성을 유지하고 소프트웨어의 식별, 편성 및 수정을 통제하는 프로세스를 제공한다. 실수의 최소화와 생산성의 최대화가 ( )의 궁극적인 목표라고 할 수 있다. 대표적인 ( )도구로는 CVS, Subversion, Clear Case 등이 있다.",,2020년 2회,IT 용어,서버프로그램 구현,
AJAX,"‘비동시식 자바스크립트 XML’을 의미하는 용어로 클라이언트와 웹서버 간에 XML 데이터를 내부적으로 통신하는 대화식 웹 애플리케이션의 제작을 위해 사용된다. 클라이언트의 요청에 의해 웹 서버에서 로딩된 데이터를 웹 브라우저의 페이지에 보여주기 위해 웹 페이지 전체를 ‘새로고침’할 필요 없이 즉, 새로운 HTML 페이지로 이동할 필요 없이 현재 페이지에서 필요한 일부분만 로딩되도록 하는 웹 개발 기법을 의미하는 용어를 영문 약자로 쓰시오.",,2020년 2회, 웹 개발 기법,인터페이스 구현,
유효성,"UI(User Interface)는 사용자와 컴퓨터 상호 간의 소통을 원활히 할 수 있도록 도와주는 연계 작업을 뜻한다. 다음은 UI의 설계 원칙 4가지이다. 빈칸 괄호 ( ) 에 알맞은 용어를 쓰시오.

직관성 : 누구나 쉽게 이해하고 사용할 수 있어야 한다.
( ) : 사용자의 목적을 정확하게 달성하여야 한다.
학습성 : 누구나 쉽게 배우고 익힐 수 있어야 한다.
유연성 : 사용자의 요구사항을 최대한 수용하며, 오류를 최소화하여야 한다.",,2020년 2회,UI 설계 원칙,화면 설계,
정적 분석,"테스트 자동화 도구는 휴먼 에러(Human Error)를 줄이고, 테스트에 소요되는 비용과 시간을 절감하며, 테스트 품질을 향상할 수 있는 도구이다. 테스트 계획, 테스트 분석/설계, 테스트 수행, 테스트 통제 등의 테스트 활동 단계에 따라 다양한 테스트 도구들이 있다.
( )은 테스트 수행 단계의 자동화 도구로 만들어진 애플리케이션을 실행하지 않고 분석하는 방법이다. ( )은 대부분의 경우 소스 코드에 대한 코딩 표준, 런타임 오류, 코딩 스타일, 코드 복잡도 및 남은 결함을 발견하기 위하여 사용한다. ( )은 테스트를 수행하는 사람이 작성된 소스 코드에 대한 이해를 바탕으로 도구를 이용해서 분석하는 것을 말한다.",,2020년 2회,테스트 기법,애플리케이션 테스트 관리,
SQL 인젝션,"( )은 클라이언트(사용자)의 입력값 등 외부 입력값이 SQL쿼리에 삽입되어 공격하는 것을 의미한다.
( )은 공격자가 악의적으로 웹 사이트의 보안상 허점을 이용해 특정 SQL 질의문을 전송하여 공격자가 원하는 데이터베이스의 중요한 정보를 가져오는 공격 기법이다.",,2020년 2회,보안,소프트웨어 개발 보안 구축,
ROLLBACK,"SQL 제어어는 관리자가 데이터의 보안, 무결성 유지, 병행제어, 회복 등을 하기 위해 사용하는 언어를 말한다.
이 중 ( ) 명령어는 데이터베이스 내의 연산이 비정상적으로 종료되거나 정상적으로 수행이 되었다 하더라도 수행되기 이전 상태로 되돌리기 위해 연산 내용을 취소할 때 사용한다.
트랜잭션을 취소시키는 명령어로 메모리의 내용을 하드디스크에 저장하지 않고 버린다.",,2020년 2회,데이터베이스,응용 SW 기초 기술 활용,
IPSec,"네트워크 계층(network layer, 3계층)인 IP 계층에서 IP 패킷 단위로 ‘암호화’, ‘인증’, ‘키 관리’를 통해 보안성을 제공해주는 표준화된 기술을 무엇이라 하는지 쓰시오.",,2020년 2회,보안,응용 SW 기초 기술 활용,
안드로이드,리눅스 커널을 기반으로 동작하며 자바와 코틀린 언어로 개발된 핸드폰이나 소형기기에 사용되는 오픈소스 플랫폼인 모바일 운영체제가 무엇인지 쓰시오.,,2020년 2회,운영체제,응용 SW 기초 기술 활용,
목표 복구 시간,"데이터 백업(보호) 솔루션은 만일의 사대에 대비하여 시스템 내의 데이터 유실을 방지하고, 서비스의 연속성을 보장하는 목적을 가지고 어떤 상황에서도 계획된 ( )과 목표 복구 시점(RPO)을 보장해야 할 수 있는 제품이어야한다. ( )은 시스템 장애와 같은 상황에서의 “비상 사태 또는 업무중단 시점부터 업무가 복구되어 다시 정상가동 될 때까지의 시간”을 의미하는 용어이다. ROP는 조직에서 발생한 여러 가지 재난 상황으로 IT 시스템이 마비되었을 때 각 업무에 필요한 데이터를 여러 백업 수단을 활용하여 복구할 수 있는 기준점을 의미한다.","RTO, Recovery Time Objective, 복구 목표 시간",2020년 2회,IT 용어,정보처리 실무 일반(기타),
Observer,"디자인 패턴 중 ( )는 행위 패턴에 해당하며 1대 다(one-to-many)의 객체 의존관계를 정의한 것으로 한 객체가 상태를 변화시켰을 때, 의존관계에 있는 다른 객체들에게 자동으로 통지 알림이 전달되고 변경시킨다.
( )의 객체 간의 데이터 전달 방식은 푸시 방식과 풀 방식이 있으며, 기본적인 디자인의 원칙은 상호 작용하는 객체 사이에서는 가능하면 결합도를 느슨하게 디자인하여 사용해야 한다. 이는 느슨하게 결합(Loose coupling)하는 디자인을 사용하면 변경 사항이 생겨도 무난히 처리할 수 있는 유연한 객체지향 시스템을 구축할 수 있기 때문이다.",Observer Pattern,2020년 2회,디자인 패턴,정보처리 실무 일반(기타),
Linked Open Data,"웹 상에 존재하는 전세계 오픈된 정보를 하나로 묶는 RESTful한 방식이며, 링크 기능이 강조된 시맨틱 웹(Semantic Web)의 모형에 속한다고 볼 수 있다. 즉,( )는 “시맨틱 웹을 실현시키기 위한 방법이자 기술적 접근점”으로 볼 수 있다.
( )는 Linked Data와 Open Data의 합성어이다. Linked Data가 정보 기술적인 면이 강한 반면 Open Data는 정보 문화적인 면이 강한 용어이다.",,2020년 2회,신기술 동향,정보처리 실무 일반(기타),
형상 통제,"( )는 형상에 대한 변경 요청이 있을 경우 변경 여부와 변경 활동을 통제하는 것을 말한다.
( )는 형상 목록의 변경 요구를 검토 및 승인하여 현재의 소프트웨어 기준선에 반영될 수 있도록 통제하는 일련의 과정을 말한다.
변경된 요구사항에 대한 타당성을 검토하여 변경을 실행(변경 관리)하고, 그에 따라 변경된 산출물에 대한 버전관리를 수행하는 것이 ( )의 주요 활동이다.
( )는 소프트웨어 형상변경 요청을 검토 승인하여 현재의 베이스라인(Baseline)에 반영될 수 있도록 통제하는 것을 의미한다.",,2020년 3회,IT 용어,서버프로그램 구현,
직관성,"다음 설명에 맞는 UI의 설계 원칙은 무엇인지 쓰시오.

설계 구조를 누구나 쉽게 이해하고 사용할 수 있어야 한다. 
사용자가 한눈에 기능을 쉽게 파악할 수 있도록 해야한다.",,2020년 3회,UI 설계 원칙,화면 설계,
블랙박스 테스트,"소프트웨어 테스트 기법 중 프로그램의 외부 사용자 요구사항 명세를 보면서 테스트를 수행하며 주로 구현된 기능을 테스트한다. 명세 기반 테스트라고도 하며, 동치 분할 테스트, 경계 값 테스트 등과 같이 내부 구조를 보이지 않는 테스트 기법에 해당하는 용어를 쓰시오.",Black-box test,2020년 3회,테스트 기법,애플리케이션 테스트 관리,
생성자,객체 생성시 자동으로 호출되는 메소드로 멤버를 초기화하는 목적으로 주로 사용된다.,Constructor,2020년 3회,프로그래밍언어,프로그래밍 언어 활용,
스키마,"( )는 데이터베이스의 전체적인 구조와 제약조건에 대한 명세를 기술, 정의한 것을 말하며, 스킴(Scheme) 이라고도 한다.",Schema,2020년 3회,데이터베이스,응용 SW 기초 기술 활용,
÷,릴레이션 A에서 릴레이션 B의 모든 조건을 만족하는 튜플을 제외한 후 프로젝션하는 연산자,,2020년 3회,데이터베이스,응용 SW 기초 기술 활용,연산을 쓰라고 할 경우 디비젼 또는 DIVISON도 가능하다.
OSPF,대규모 네트워크를 안정되게 운영할 수 있는 표준 라우팅 프로토콜로 최적의 경로를 계산할 때 SPF(Shorest path First) 또는 다익스트라(dijkstra) 알고리즘을 이용하여 각 목적지까지의 최적 경로를 계산하는 동적 라우팅 프로토콜로 링크 상태 라우팅 프로토콜을 무엇이라고 하는지 영문 약자로 쓰시오.,,2020년 3회,프로토콜,응용 SW 기초 기술 활용,
ICMP,TCP/IP에서 신뢰성 없는 비 연결형 프로토콜인 IP를 대신하여 송신 측으로 네트워크의 IP 상태 및 에러 메시지를 전달해주는 프로토콜을 무엇이라고 하는지 영문 약어로 쓰시오.,,2020년 3회,프로토콜,응용 SW 기초 기술 활용,
헝가리안 표기법,"컴퓨터 프로그래밍의 변수명, 함수명 등의 식별자 이름을 작성할 때 데이터 타입의 정보를 이름 접두어로 지정하는 코딩의 규칙이다.

예를 들어 인덱스 역할을 하는 int형 변수명을 inum으로 문자열 변수명을 strName으로 이름을 지정하는 표기법이다.",,2020년 3회,IT 용어,정보처리 실무 일반(기타),
프로토콜,"( )의 본래 의미는 외교 분야에서의 의례 또는 의정서를 의미하는 용어였다. 심리학자 톰 마릴은 컴퓨터가 메시지를 전달하고, 메시지가 제대로 도착했는지 확인하며, 도착하지 않았을 경우 메시지를 재전송하는 일련의 방법을 가리켜 ‘기술적 은어’라는 뜻으로 ( )이라 불렀다.",,2020년 3회,프로토콜,정보처리 실무 일반(기타),
행위,"goF의 디자인 패턴은 생성, 구조, ( )가 있다. 생성 패턴은 객체의 생성에 관련된 패턴이고 구조 패턴은 클래스나 객체를 조합해 더 큰 구조를 만드는 패턴이며 ( ) 패턴은 클래스 사이의 알고리즘이나 책임 분배에 관련된 패턴이다.",,2020년 4회,디자인 패턴,요구사항 확인,
패키지 다이어그램,탭이 달린 폴더 안에 요소들을 집어넣어 표현하는 다이어그램으로 컴포넌트 구조 사이의 관계를 표현하며 요소들을 그룹으로 조직하기 위한 매커니즘의 UML 다이어그램이 무엇인지 쓰시오.,,2020년 4회,다이어그램,요구사항 확인,
샘플링 오라클,"테스트 오라클의 유형 중 전수 테스트가 불가한 경우 특정한 몇 개의 입력값에 대해서만 기대하는 결과를 제공해 주는 오라클로 경계값, 구간별 예상값 결과 작성시 사용하는 오라클을 무엇이라 하는지 쓰시오.",,2020년 4회,테스트 기법,애플리케이션 테스트 관리,
동치분할 테스트,"명세기반 테스트의 기법 중 프로그램의 입력 조건에 중점을 두고, 어느 하나의 입력 조건에 대하여 타당한 값과 그렇지 못한 값을 설정하여 해당 입력 자료에 맞는 결과가 출력되는지 확인하고 테스트하는 기법이다. 적용한 테스트 기법을 무엇이라 하는지 쓰시오.","동등분할 테스트, 등가분할 테스트",2020년 4회,테스트 기법,애플리케이션 테스트 관리,
스니핑,( )은 네트워크상에 통과하는 패킷들의 내용을 엿보는 행위이다. 이처럼 패킷을 엿봄으로써 로그인 과정 중의 계정명과 패스워드 정보를 비롯하여 주요 내용을 불법으로 추출할 수 있다.,,2020년 4회,보안,소프트웨어 개발 보안 구축,
"삽입이상, 삭제이상, 갱신이상",데이터베이스에서 릴레이션을 처리하는데 여러 문제를 초래하는 이상 현상 3가지를 쓰시오.,,2020년 4회,데이터베이스,응용 SW 기초 기술 활용,
즉시 갱신,"데이터 회복 기법은 트랜잭션들을 수행하는 도중 장애로 인해 손상된 데이터베이스를 손상되기 이전의 정상적인 상태로 복구시키는 작업을 말한다.
다양한 데이터 회복 기법 중 ( ) 회복 기법은 로그를 이용한 회복 기법으로 데이터베이스에 대한 갱신 로그를 저장함으로서 회복에 대비한다. 일반적으로 데이터베이스와 로그의 동시 손상을 대비하여 별도의 용 디스크에 로그를 저장할 수 있다.
( ) 회복 기법은 트랜잭션이 실행(활동) 상태에서 변경되는 내용을 그때그때 바로 데이터베이스에 적용하는 기법이다. 변경되는 모든 내용은 로그(Log)에 기록하여 장애 발생 시 로그(Log)의 내용을 토대로 회복시킨다.
( ) 회복 기법은 장애가 발생하면 로그 파일에 기록된 내용을 참조하여, 장애 발생 시점에 따라 Redo나 Undo를 실행하여 데이터베이스를 복구한다.",,2020년 4회,트랜잭션,응용 SW 기초 기술 활용,
IPv6,"IETF(Internet Engineering Task Force)에서 IP Address의 부족과 Mobile IP Address 구현 문제를 해결 방안으로 만들어진 IPv4를 보완하는 차세대 IP Address 주소 체계이다. 주소 유형은 유니캐스트, 멀티캐스트, 애니캐스트 3가지이며, 주소의 길이는 128bit이고 8개 그룹으로 배열되며 각 그룹은 16비트이다. 각 그룹은 4개의 16진수로 표현되며 그룹 간은 콜론(:)으로 구분된다. 패킷 전송 시 멀티캐스트를 사용한다. ",,2020년 4회,IP,응용 SW 기초 기술 활용,
UNIX,"1960년대 말 벨 연구소(Bell Labs)에서 개발된 운영체제로 다중 사용자, 멀티 태스킹 운영체제이다.
이식성이 높으며 대화식 운영체제로 서버 운영에 필수적인 CLI 인터페이스가 강력하다.
C언어라는 고급 프로그래밍 언어로 커널까지 대부분 작성된 운영체제이다.
파일 생성, 삭제, 보호 기능을 가지며, 디렉터리 구조는 계층적 트리 구조 형태이다.",,2020년 4회,운영체제,응용 SW 기초 기술 활용,
Hadoop,"PC처럼 가격이 싼 컴퓨팅 서버들과 저장장치들을 활용하여 가상화된 거대한 저장장치를 형성하고 그 안에 빅데이터(Big Data)를 상대적으로 쉽게 저장하고 활용하여 처리할 수 있도록 한 분산 파일 시스템이다.
2004년 미국 프로그래머 더그 컷팅이 방대한 데이터를 처리하기 위하여 구글의 맵리듀스(MapReduce) 등을 활용해 이를 개발하였다.",,2020년 4회,프레임워크,응용 SW 기초 기술 활용,
Block Chain,오픈소스 분산 컴퓨팅 기술로 분산처리와 암호화 기술을 동시에 적용한 분산 데이터베이스(Distributed Ledger)의 한 형태이다. 가상화폐의 거래 정보를 기록한 원장인 ‘블록’이라고 하는 소규모 데이터들이 특정 기관의 중앙 서버에서 공동으로 기록 관리하지 않고 P2P 방식을 기반으로 생성된 체인 형태의 연결고리 기반 분산 데이터 저장 환경에 저장하여 누구라도 임의로 수정할 수 없고 누구나 변경의 결과를 열람할 수 있는 기술이다. ,,2020년 4회,신기술 동향,응용 SW 기초 기술 활용,
NAT,"우리나라 말로 번역하면 ‘네트워크 주소 변환’으로 내부에서 사용하는 사설 IP 주소와 외부로 보여지는 공인 IP 주소 간의 IP Address 변환 방식을 말한다. 한정된 하나의 공인 IP를 여러 개의 내부 사설 IP로 변환하여 사용하기 위한 기술이며, 내부 네트워크 주소의 보안을 위해 사용하는 방법 중 하나이다.",,2020년 4회,보안,응용 SW 기초 기술 활용,
"물리, 개념, 논리","(1) 데이터 모델링은 특정 DBMS에 의존하는 데이터형식, 제약조건, 뷰, 인덱스 등을 설정하는 작업으로 결과물로는 테이블 정의서, 제약조건 리스트, 인덱스 명세서 등이 있다.
(2) 데이터 모델링은 업무의 대상이 대상이 되는 실제 데이터에 대해서 서로의 상관관계를 파악하는 작업으로 이를 통한 대표적인 결과물로는 ERD(Entity Relation Diagram)이 있다.
(3) 데이터 모델링은 DBMS의 유형에 맞추어 DBMS에 저장될 데이터의 골격(스키마)를 만드는 작업으로 이를 통해 함수종 속성 파악, 논리적 스키마(릴레이션 구조) 등의 결과를 얻을 수 있다.",,2021년 1회,데이터베이스,데이터 입출력 구현,
반정규화,"( )는 시스템의 성능 향상과 개발(Development)과 운영(Maintenance)의 단순화를 위해 중복, 통합, 분리 등을 수행하는 데이터 모델링의 기법을 의미한다.
( )란 DB의 성능 향상을 목적으로 정규화를 통해 분할된 테이블을 다시 합치는 과정을 의미한다.
( )는 중복성의 원리를 활용하여 데이터 조회 시 성능을 향상시키는 역할을 할 수 있다.","비정규화, 역정규화, De-normalization",2021년 1회,데이터베이스,데이터 입출력 구현,
EAI,"기업 내부에서 운영되는 각종 플랫폼 및 애플리케이션 간의 상호 정보 전달, 연계, 통합을 가능하세 해주는 솔루션이다. Point to Point, Hub&Spoke, Message Bus 등의 데이터 연계 방식을 갖는 소프트웨어 및 정보시스템 아키텍처 프레임워크를 무엇이라 하는지 쓰시오.",,2021년 1회,IT 용어,통합 구현,
WSDL,"웹 서비스에서 웹 서비스명, 서비스 제공 위치, 서비스 메시지 포맷, 프로토콜 정보 등에 대한 상세 정보를 기술한 파일로 XML로 기술된 웹 서비스 기술 언어 또는 기술된 정의 파일의 총칭을 무엇이라 하는지 쓰시오.",,2021년 1회,IT 용어,통합 구현,
"내용 결합도, 스탬프 결합도, 공통 결합도 ","(1) 한 모듈이 다른 모듈 내부에 있는 지역 변수나 기능을 사용(참조 또는 수정)하는 경우의 결합도
(2) 모듈 간의 인터페이스로 배열이나 오브젝트(Object), 스트럭처(Structure)이 전달되는 경우의 결합도
(3) 파라미터가 아닌 모듈 밖에 선언되어 있는 전역 변수를 참조하고 전역 변수를 갱신하는 식으로 상호 작용하는 경우의 결합도",,2021년 1회,모듈,서버프로그램 구현,
경계값 분석,( )은 입력의 경계값에서 발생하는 오류를 제거하기 위한 검사 기법으로 등가분할의 경계부분의 입력값에서 결함이 발견될 확률이 높다는 가정으로 테스트하는 기법이다.,Boundary Value Analysis,2021년 1회,테스트 기법,애플리케이션 테스트 관리,
동치 분할 검사,"( )는 검사 사례 설계를 프로그램의 입력 명세 조건에 따라 설정한다. 즉, 검사 사례는 일반적으로 입력 데이터에 해당하므로 프로그램의 입력 조건에 중점을 두고, 어느 하나의 입력 조건에 대하여 타당한 값(유효 값)과 그렇지 못한 값을 설정한다.","동치 분할, 동등 분할, Equivalence Partitioning Testing",2021년 1회,테스트 기법,애플리케이션 테스트 관리,
"단위테스트, 통합테스트","(1) 은 ‘모듈 테스트’라고도하며, 작은 소프트웨어 단위(컴포넌트 또는 모듈)를 개별 테스트하는 것으로서, 일반적으로 개발자 자신에 의해 행해진다. 과거에는 시간 부족을 이유로 생략되었으나 최근에는 개발 도구의 발전으로 개발 과정 중에 자동으로 진행된다. (1)은 아주 중요한 부분이므로 개발 도구에서 지원하지 않아도 반드시 수행해야한다.
(2)은 컴포넌트 간 인터페이스 테스트를 하고 운영체제(OS), 파일 시스템, 하드웨어 또는 시스템 간 인터페이스와 같은 각각 다른 부분과 상호연동이 정상적으로 작동하는지 여부를 테스트한다.",,2021년 1회,테스트 기법,애플리케이션 테스트 관리,
DAC,"접근통제 모델 중 정보의 소유자가 정보의 보안 수준을 결정하고 이에 대한 정보의 접근 통제까지 설정하는 모델이다.
주체 또는 소속 그룹의 아이디(ID)에 근거하여 소유자가 자신의 의지대로 데이터에 대한 접근 권한을 지정하고 제어하는 방식이다.
객체별로 세분된 접근제어가 가능하며 유연한 접근제어 서비스를 제공할 수 있다.
대부분의 운영체제에서 지원이 되어 다양한 환경에서 폭넓게 사용되고 있다.","임의적 접근통제, 임의 접근통제",2021년 1회,보안,소프트웨어 개발 보안 구축,
"연산, 구조","데이터 모델은 현실 세계의 정보를 컴퓨터 세계의 환경에 맞게 표현하기 위해 단순화 추상화하여 체계적으로 표현한 개념적인 도구이다.
데이터 모델은 일반적으로 다음의 3가지 구성 요소를 포함하고 있다.
(1)은 데이터 모델의 구성 요소 중 데이터베이스에 표현된 개체 인스턴스를 처리하는 작업에 대한 명세로서 데이터베이스를 조작하는 기본 도구에 해당한다.
(2)는 데이터 모델의 구성 요소 중 데이터베이스에 표현될 대상으로서의 개체 타입과 개체 타입들 간의 관계에 해당한다.
논리적으로 표현된 (2)와 허용될 수 있는 (1)에서의 제약조건에 대한 명세를 기술한 것이다.",,2021년 1회,데이터베이스,응용 SW 기초 기술 활용,
IPC,"‘프로세스 간 통신’이라고도 하며, 세마포어, 소켓 등 프로세스 간 메시지 전달이나 공유 메모리 기법을 통해 자원이나 데이터를 서로 주고받는 행위 또는 그에 대한 방법이나 경로를 의미하는 용어를 쓰시오.",,2021년 1회,IT 용어,응용 SW 기초 기술 활용,
RARP,TCP/IP의 인터넷 계층의 프로토콜로 호스트의 물리 주소를 통하여 논리 주소인 IP 주소를 얻어 오기 위해 사용되는 프로토콜을 무엇이라 하는지 쓰시오.,,2021년 1회,프로토콜,응용 SW 기초 기술 활용,
세션 하이재킹,"( )은 ‘세션 가로채기’라고도 하며, 두 시스템 간의 정상적 연결이 활성화된 상태, 즉 로그인된 상태를 가로채는 것이다. RST(Reset)패킷을 통해 일시적으로 TCP세션을 끊고 시퀀스 넘버를 종료시킨 후 서버와 클라이언트에 각각 잘못된 시퀀스 번호를 위조해서 연결된 세션에 잠시 혼란을 준 뒤 자신이 끼어들어가는 방식을 사용하는 능동적 공격 기법이다.
TCP ( )은 TCP 세션을 훔쳐서 서버에게 새로운 시퀀스 넘버를 보내서 마치 클라이언트 인척하며 연결을 이어나가 인증을 회피하는 공격으로 서버가 세션과 클라이언트의 유효성을 검사하지 않아 발생하게 된다. Telnet, FTP 등 TCP를 사용한 모든 세션의 갈취가 가능하다.",Session Hijacking,2021년 1회,보안,정보처리 실무 일반(기타),
행위,"GoF(Gang of Four) 디자인 패턴은 에릭 감마(Eric Gamma), 리처드 헬름(Richard Helm), 랄프(Ralph Johnson), 존 브리시데스 (John Vlissides)가 제안하였다.
객체 지향 설계 단계 중 재사용에 관한 유용한 설계를 디자인 패턴화하였다.
생성 패턴, 구조 패턴, ( ) 패턴으로 분류한다. ( )는 반복적으로 사용되는 객체들의 상호작용을 패턴화한 것으로, 클래스나 객체들이 상호작용하는 방법과 책임을 분산하는 방법을 정의한다. ( ) 패턴에는 Command, Interpreter, Iterator, Mediator, Memento, Observe 등이 있다.",,2021년 2회,디자인 패턴,요구사항 확인,
제 2 정규형,부분 함수종속이 발생하게 되면 제 ( ) 정규형을 만족하지 못하게 되므로 릴레이션을 분해하여 이를 해결하여야 한다. 제 ( ) 정규형이란 모든 도메인이 원자값인 릴레이션이 완전 함수적 종속성을 만족하는 상태를 말한다.,,2021년 2회,데이터베이스,데이터 입출력 구현,
"절차, 교환, 기능","(1)적 응집도, 모듈이 다수의 관련 기능을 가질 때 모듈 내부의 기능 요소들이 그 기능을 순차적으로 수행할 경우
(2)적 응집도, 동일한 입력과 출력을 사용하는 소작업들이 모인 경우
(3)적 응집도, 모듈 내부의 모든 기능 요소들이 한 문제와 연관되어 수행되는 경우",,2021년 2회,모듈,서버프로그램 구현,
"UI, UX","(1)는 인간과 디지털 기기 소프트웨어 사이에서 의사소통할 수 있도록 만들어진 매개체를 의미한다. (1)의 종류로는 GUI, CLI, NUI, MUI등이 있다.
(2)는 사용자가 제품을 대상으로 직/간접적으로 사용하면서 느끼고 생각하게 되는 지각과 반응, 행동 등 모든 경험을 의미한다. (1)는 사람과 시스템 간의 상호작용을 의미하지만, (2)는 제품과 서비스, 회사와 상호작용을 통한 전체적인 느낌이나 경험을 말한다.",,2021년 2회,UI 설계 원칙,화면 설계,
"구문, 결정, 조건","(1) 커버리지, 코드 구조 내의 모든 문장에 대해 한 번 이상 수행하는 테스트 커버리지
(2) 커버리지, 결정 포인트 내의 모든 분기문에 대해 수행하는 테스트 커버리지
(3) 커버리지, 결정 포인트 내의 모든 개별 조건식에 대해 수행하는 테스트 커버리지",,2021년 2회,테스트 기법,애플리케이션 테스트 관리,
스텁,테스트 하네스 도구 구성요소 중 하향식 테스트 시 상위 모듈은 존재하나 하위 모듈이 없는 경우의 테스트를 위해 임시 제공되는 모듈로 골격만 있는 또는 특별한 목적의 소프트웨어 컴포넌트를 구현한 것을 의미하는 용어를 쓰시오.,,2021년 2회,테스트 기법,애플리케이션 테스트 관리,
AES,"평문의 길이와 동일한 스트림(Stream)을 생성하여 비트 단위로 암호화하며 DES를 대신하여 새로운 표준이 된 블록 크기는 128bit이고, 키 길이는 128/192/256bit인 SPN(Substitution-Permutation Network) 구조의 비밀키 암호화 기법을 의미하는 용어를 쓰시오.",,2021년 2회,보안,소프트웨어 개발 보안 구축,
원자성,"데이터베이스에서 트랜잭션의 특징인 ACID중 이 개념은 무엇인가?

하나의 트랜잭션이 완료될 떄, 처리가 완료되거나 그 이전의 상태여야 한다.
( )은 트랜잭션 연산은 완전하게 수행이 완료되지 않으면 전혀 수행되지 않아야 한다는 개념이다.
트랜잭션 연산 시 Commit, Rollback을 이용하여 적용 또는 취소로 한꺼번에 완료되어야 하는 성질이다.",,2021년 2회,트랜잭션,응용 SW 기초 기술 활용,
로킹,하나의 트랜잭션이 데이터를 액세스하는 동안 다른 트랜잭션이 그 데이터 항목을 엑세스할 수 없도록 하는 방법을 무엇이라 하는지 쓰시오.,,2021년 2회,트랜잭션,응용 SW 기초 기술 활용,
"가상회선 방식, 데이터그램 방식","패킷 교환 방식(Packet Switching)은 패킷 교환망에서 메시지를 일정한 길이의 전송 단위인 패킷으로 나누어 전송하는 방식이다. 패킷 교환은 저장-전달 방식을 사용한다.
패킷교환의 방식으로는 연결형인 (1)과 비연결형인 (2)의 두 가지 방식으로 구분 된다.
(1)은 패킷이 전송되기 전에 논리적인 연결 설정이 이루어져야 한다.
(1)은 모든 패킷이 동일한 경로로 전달되므로 항상 보내어진 순서대로 도착이 보장된다.
(2)은 연결형 서비스 방식으로 패킷을 전송하기 전에 미리 경로를 설정해야 한다.
(2)은 일정 크기의 데이터 단위(packet)로 나누어 특정 경로의 설정 없이 전송되는 방식이며, 각 패킷마다 목적지로 가기 위한 경로배정이 독립적으로 이루어진다.",,2021년 2회,패킷 교환 방식,응용 SW 기초 기술 활용,
애드혹 네트워크,"무선 기반의 이동단말기 간의 연결망의 일종으로서, 라우터 장비가 따로 없고 이동단말기 중 일부가 라우터 역할을 담당하는 네트워크이다.
동적으로 경로를 설정할 수 있기 때문에 ‘기반구조 없는 네트워크’라고도 한다. 험난한 지형 위험한 장소에서의 네트워크구성을 하는데 유용하다. 이동 단말기에 센서 기능을 부가할 경우 USN(Ubiquitous Sensor Network)으로 발전한다.",,2021년 2회,IT 용어,정보처리 실무 일반(기타),
"Funtional, Dynamic, Information","(1) Modeling, 럼바우의 객체지향 분석 모델로 프로세스들의 자료 흐름을 중심으로 처리 과정을 자료 흐름도(DFD, Data Flow Diagram)로 만드는 과정이다.
(2) Modeling, 럼바우의 객체지향 분석 모델로 시간의 흐름에 따라 객체들 간의 제어 흐름, 동작 순서 등의 동적인 행위를 상태 변화도(STD, State Diagram)로 만드는 과정이다.
(3) Modeling, 개념적 모델링(Conceptual Modeling)이라고도 하며 개체와 개체들 간의 관계에서 ER 다이어그램(ERD)을 만드는 과정이다.",,2021년 2회,데이터 모델링,정보처리 실무 일반(기타),
Aggregation 관계,"(1)은 컴퓨터 시스템과 같이 하나의 객체가 다른 객체들의 조합에 의해 만들어진 경우이다.
A 객체가 B 객체에 포함된 관계이며 전체 개념의 클래스로부터 구성요소를 찾을 수 있다.
’부분’을 나타내는 객체를 다른 객체와 공유할 수 있다.
UML에서는 ‘전체’ 클래스 방향에 빈 마름모로 표시하고, Or 관계에 놓이면 선 사이를 점선으로 잇고 {or}를 표시한다.",집합/응집,2021년 3회,객체 지향,요구사항 확인,
 Generalization 관계,"객체 지향에서 상속 관계(Is A Kind Of)를 표현한다.
일반적 개념의 클래스와 구체적 클래스의 관계이다.
한 클래스가 다른 클래스를 포함하는 상위 개념일 때 사용한다.",일반화/상속,2021년 3회,객체 지향,요구사항 확인,
클래스 다이어그램,"( ) 다이어그램은 시스템을 구성하는 객체 간의 관계를 추상화한 모델을 논리적 구조로 표현한다. ( ) 다이어그램은 클래스, 속성, 오퍼레이션, 연관 관계를 이용하여 시스템을 정적인 관점으로 나타낸 것이다. ( ) 다이어그램을 통해 해당 시스템에서 사용되는 데이터를 발견할 수 있다.",,2021년 3회,다이어그램,요구사항 확인,
Factory Method,"객체 생성만을 전문으로 하는 서브 클래스를 정의하고, 해당 객체에서 어떤 객체를 만들지 결정하여 반환하는 메소드를 사용하여 필요한 객체를 생성하는 생성 패턴은 무엇인가?",,2021년 3회,디자인 패턴,요구사항 확인,
인덱스,"파일 구조에는 순차, ( ), 해싱이 있다.
순차 접근 방법은 레코드가 저장되어 있는 물리적 순차를 따른다. 즉, 레코드의 물리적 순서와 논리적 순서가 같게 순차적으로 저장하는 방법이다.
( ) 접근 방법은 레코드 접근을 위해 해당 ( )를 찾아, 그 ( )가 가리키는 주소를 따라가서 레코드에 접근할 수 있도록 데이터를 저장하는 데이터 접근 방식이다. ( )은 <값, 주소>의 자료구조로 구성되어 있다.
해싱 접근 방법을 이용하는 파일 구조는 ( )구조에 의존할 필요 없이 원하는 레코드에 대한 디스크 블록 주소를 레코드의 탐색 값에 대한 함수 계산을 통해 직접 얻을 수 있다.",,2021년 3회,파일 구조,데이터 입출력 구현,
Control Coupling,"어떤 모듈이 다른 모듈의 내부 논리 조작을 제어하기 위한 목적으로 제어신호를 이용하여 통신하는 경우이며, 하위 모듈에서 상위 모듈로 제어신호가 이동하여 상위 모듈에게 처리 명령을 부여하는 권리 전도현상이 발생하게 되는 결합도를 무엇이라 하는지 영문으로 쓰시오.",,2021년 3회,모듈,서버프로그램 구현,
GUI,윈도우즈나 매킨토시 등에서 사용자가 마우스나 키보드로 아이콘이나 메뉴를 선택하여 원하는 작업을 수행하는 사용자 인터페이스를 의미하는 용어를 쓰시오.,,2021년 3회,인터페이스,화면 설계,
Cause Effect Graph,요구 명세서를 입력 조건과 출력 조건 간의 논리적 관계로 표현하여 여러 입력 데이터 간의 관계와 출력에 미치는 상황을 체계적으로 분석한 테스트 케이스를 도출하는 입력 환경의 복합성을 고려한 블랙박스 테스트 기법이 무엇인지 쓰시오.,,2021년 3회,테스트 기법,애플리케이션 테스트 관리,
"상향식 통합, 드라이버",점진적 통합 테스트 중 (1) 테스트는 가장 아래에 있는 모듈부터 테스트를 시작한다. (1) 테스트에서는 상위 모듈의 역할을 하는 (2)가 필요하다. (2)는 하위 모듈을 순서에 맞게 호출하고 호출시 필요한 매개변수를 제공하며 결과를 전달하는 역할을 한다.,,2021년 3회,테스트 기법,애플리케이션 테스트 관리,
DES,1970년대 IBM이 개발한 대칭키 암호화 알고리즘으로 평문을 64bit로 블록화하고 실제 키의 길이는 56bit를 이용한 16라운드 Feistel 구조의 전사 공격(Brute-Force Attack)에 취약한 비밀키 암호화 기법을 의미하는 용어를 쓰시오.,,2021년 3회,보안,소프트웨어 개발 보안 구축,
ARP 스푸핑,"( )공격은 동일 네트워크에 존재하는 공격 대상 PC의 IP 주소를 공격자 자신의 랜카드 (MAC) 주소와 연결해 다른 PC에 전달되어야 하는 정보를 가로채는 공격을 말한다.
어떤 PC에 ( ) 기능을 가진 악성코드가 설치되면 약간의 조작으로 동일 구역 내의 다른 PC에 쉽게 악성코드를 설치할 수 있다. 즉, 동일 네트워크 하의 PC가 외부 네트워크로 접속을 시도할 경우, 악성코드에 감염된 PC를 경유해서 접속함으로써 해당 악성코드에 자동으로 감염되게 되는 것이다. 또한 동일 네트워크 하의 모든 PC가 감염된 PC를 게이트웨이로 인식해 외부 네트워크와 통신하기 위해 발생하는 모든 패킷을 해당 PC에 전송하므로 네트워크 속도가 크게 느려진다. ",,2021년 3회,보안,소프트웨어 개발 보안 구축,
GRANT,데이터제어어(DCL) 중 ( ) 명령어는 관리자가 사용자에게 데이터베이스에 대한 권한을 부여하기 위한 명령어이다.,,2021년 3회,데이터베이스,응용 SW 기초 기술 활용,
"데이터링크, 네트워크, 프레젠테이션","(1) 계층, 내부 네트워크상에서 두 노드 간을 직접 연결하는 링크 상의 흐름 제어, 에러 제어
현재 노드와 다음에 접근할 노드의 물리적 주소를 포함하여 프레임(Frame)을 구성
표준 프로토콜 : HDLC, LLC, LAPB, LAPD, ADCCP
(2) 계층, 논리 주소 지정, 패킷(Packet)의 최적의 경로를 설정 및 네트워크 연결 관리
표준 프로토콜 : X.25, IP
(3) 계층, 코드 변환, 암호화 및 복호화, 압축, 구문 검색",,2021년 3회,OSI 7,응용 SW 기초 기술 활용,
"인증(Authentication), 인가(Authorization), 과금(Accounting)","(1), 사용자가 시스템에 접근을 허용하기 전에 가입자 신분을 확인
(2), 사용자가 시스템 자원에 대한 접근 권한 유무를 판별 후 접근 허가를 결정
(3), 사용 시간, 정보, 위치 등 정보 수집 등 시스템 자원 사용의 정보를 수집하고 관리",,2021년 3회,IT 용어,정보처리 실무 일반(기타),
NUI,"터치, 증강현실, 상황 인식 등 사람의 감각 행동 인지를 통하여 원하는 작업을 수행하는 사용자 인터페이스를 의미하는 용어를 쓰시오.",,2022년 1회,인터페이스,화면 설계,
"Static, Dynamic","(1) 분석, 원시 코드를 분석하여 잠재적인 오류를 분석하며, 코딩 표준, 런타임 오류 등을 검증한다.
결함 예방/발견, 코딩 표준, 코드 복잡도 등을 분석하는 것이 가능하다.
(2) 분석, 프로그램 수행 중 발생하는 오류를 검출(Avalanche, Valgrind 등)한다.
메모리 릭(Leak), 동기화 오류 등을 분석하는 것이 가능하다.",,2022년 1회,테스트 기법,애플리케이션 테스트 관리,
JUnit,"디자인 패턴 책의 저자인 Erich Gamma와 TDD의 창시자인 Kent Beck가 작성한 인터페이스 구현 검증을 위한 오픈 소스 프레임워크이다.
JAVA 언어를 지원하는 xUnit이라는 이름의 단위 테스트 프레임워크이다.
Annotation(@)으로 간결하게 사용 가능하며 하나의 jar 파일로 되어 있다.",,2022년 1회,프레임워크,애플리케이션 테스트 관리,
TKIP,"무선 라우터에서 WEP 암호화를 대체하기 위해 만들어진 보안 프로토콜로 최적의 보안을 위해서는 AES를 사용하게 되어있지만, 일부 장치와의 호환성을 위해 사용하는 임시 키 무결성 프로토콜을 의미하는 용어를 영문 약어로 쓰시오.",,2022년 1회,프로토콜,소프트웨어 개발 보안 구축,
"REDO, UNDO","(1), 트랜잭션이 수행되어 COMMIT이 되면 변경된 내용을 데이터베이스에 반영한다. 이때 로그(Log)의 내용을 토대로 재수행하여 변경된 내용으로 데이터베이스에 반영하는 과정
(2), 트랜잭션이 수행되는 도중 오류가 발생하거나 비정상적으로 종료되는 경우 트랜잭션이 시작된 시점으로 되돌아가 수행 연산을 취소하는 과정",,2022년 1회,데이터베이스,응용 SW 기초 기술 활용,
삭제 이상,이상(Anomaly) 현상 중 튜플 삭제 시 의도와는 상관없이 관련 없는 데이터가 같이 연쇄 삭제(Triggered Deletion)되어 정보의 손실이 발생하는 현상은?,,2022년 1회,데이터베이스,응용 SW 기초 기술 활용,
"슈퍼키, 후보키","(1)는 한 릴레이션 내의 속성들의 집합으로 릴레이션을 구성하는 모든 튜플에 대한 유일성은 만족시키지만 최소성은 만족시키지 못한다.
(2)는 릴레이션에서 튜플을 유일하게 구별해주는 속성 또는 속성들의 조합으로 (1)와 (2)를 모두 만족하는 속성 또는 속성들의 집합이다.",,2022년 1회,데이터베이스,응용 SW 기초 기술 활용,
RAID-0,서버(Server)에서 구성 가능한 디스크 어레이 구축 방식 중 스트라이핑을 지원하지만 장애 복구 능력이 없기 때문에 데이터 손실의 위험을 감수하더라도 빠른 입출력이 가능하도록 여러 드라이브에 분산 저장하여 고성능을 추구하기 위해 디스크를 병렬로 배치하는 방식의 RAID 레벨(Level)을 쓰시오.,,2022년 1회,IT 용어,정보처리 실무 일반(기타),
ISMS,"‘정보보호 관리체계’를 의미하는 용어로, 기업(조직)이 각종 위협으로부터 주요 정보 자산을 보호하기 위해 수립, 관리, 운영하는 종합적인 체계의 적합성에 대해 인증을 부여하는 제도이다.
기업이 정보보호 활동을 지속적, 체계적으로 수행하기 위해 필요한 보호조치를 체계적으로 구축하였는지를 점검하여 일정 수준 이상의 기업에 인증을 부여하는 제도로 한국인터넷진흥원에서 시행중인 제도이다.
수행 절차는 정책 수립 및 범위설정 - 경영조직 - 위험관리 - 구현 - 사후관리 순으로 진행된다.",,2022년 1회,IT 용어,정보처리 실무 일반(기타),
Watering Hole,"표적형 공격으로 사요자가 평소와 같이 이용하던 합법적인 웹사이트를 미리 악성 코드로 감염시킨 후, 해당 사이트를 방문하면 악성 코드를 감염시켜 공격하는 방법을 쓰시오.",,2022년 1회,보안,정보처리 실무 일반(기타),
ISP,"클라이언트는 자신이 사용하지 않는 메소드에 의존 관계를 맺으면 안된다는 원칙이다.
인터페이스를 클라이언트에 특화되도록 분리시켜 설계하는 원칙이다.
예를 들어 복합기 클래스의 모든 기능을 클라이언트가 동시에 사용하는 경우는 거의 없으므로 필요시 프린트, 팩스, 복사기 클라이언트 중 하나의 기능만 이용할 수 있도록 설계하는 경우이다.",인터페이스 분리 원칙,2022년 2회,객체 지향,요구사항 확인,
"완전, 부분, 이행","정규화(Normalization) 중 1NF는 한 릴레이션을 구성하는 모든 도메인이 원자값(Atomic Value)만으로 구성되도록 하는 정규형을 말한다. 2NF는 1NF에서 (2) Funtional Dependency로 인한 이상의 문제를 해결하기 위해 릴레이션을 분해한 정규형을 말한다. 2NF의 속성들 간에는 (1) Functional Dependency 관계가 성립하게 된다.

3NF는 (3) Functional Dependency 관계가 성립하지 않도록 하는 것이다. (3) Functional Dependency란 간접적인 함수 종속관계를 의미한다. 즉, 예를 들어 속성 A가 속성 B를 결정하고, 속성 B는 속성 C를 결정하는 경우, A → C가 성립한다. 아울러 3NF에서는 결정자이면서 후보키가 아닌 것이 존재함에 따라 이상 현상이 발생할 수도 있다. 결정자이면서 모두 후보키이면, 릴레이션 R은 BCNF에 속한다.","Full, Partial, Transitive",2022년 2회,데이터베이스,데이터 입출력 구현,
"알파, 베타","(1) 테스트, 개발사 내에서 진행하는 테스트이다.
개발자 관점에서 수행된다.
개발자는 사용상의 문제를 기록하여 반영되도록 하는 테스트이다.
(2) 테스트, 선정된 다수의 사용자가 자신들의 사용 환경에서 일정 기간 사용하면서 테스트한다.
문제점이나 개선 사항 등을 기록하고 개발 조직에 통보하여 반영되도록 하는 테스트이다.",,2022년 2회,테스트 기법,애플리케이션 테스트 관리,
회귀,"소프트웨어의 변경 또는 수정된 코드에 새로운 결함이 없음을 확인하는 테스트이다.
오류를 제거한 수정 및 변경 모듈에 대한 확정 테스트가 끝나면 새로운 오류가 확인을 위해 이미 테스트했던 부분을 다시 실행해보는 일종의 반복 테스트이다.
한 모듈의 수정이 다른 부분에 미치는 영향을 최소화하기 위해 필요한 테스트이다.",Regression,2022년 2회,테스트 기법,애플리케이션 테스트 관리,
IDEA,"1990년에 Lai와 Massey가 제안한 PES가 1991년 IPES로 개선된 이후, 1992년 (1)로 개명된 DES를 대체하기 위해서 스위스에서 개발한 알고리즘이다.
상이한 대수 그룹으로부터의 세 가지 연산을 혼합하는 방식이다.
PGP(Pretty Good Privacy)의 데이터 암호 알고리즘으로 채택되어 사용자가 많다.
128비트의 키로 64비트 평문을 8라운드를 거쳐 64비트의 암호문을 생성한다.",,2022년 2회,보안,소프트웨어 개발 보안 구축,
Skipjack,"미국 NSA(National Security Agency)가 제안한 블록 암호화 알고리즘이다.
소프트웨어로 구현되는 것을 막고자 Fortezza Card에 칩 형태로 구현하였다.
Clipper 칩에 내장되는 블록 암호화 알고리즘이다.
64 비트의 입출력, 80 비트의 키, 32 라운드를 가지며, 주로 전화기와 같은 음성을 암호화하는데 사용된다.",,2022년 2회,보안,소프트웨어 개발 보안 구축,
VPN,"( )은 인터넷과 같이 공개된 통신기반 시설을 사용하여 멀리 떨어진 사무실이나 개인 사용자에게 그들이 속한 조직의 네트워크를 안전하게 접근할 수 있도록 제공해주는 네트워크를 말한다. 한 개의 조직만이 전용할 수 있도록 구입하거나 대여받은 값비싼 시스템과 비견 될 수 있다.
( )은 공중망에서 가상의 사설망을 구현하는 기술로 IPsec과 SSL( )이 대표 기술이다. 보안 소켓 계층기반의 가상 사설망인 SSL ( ) 은 인터넷으로 내부 시스템 자원을 안전하게 사용할 수 있어 구축이 간편하고 비용이 적게 드는 반면 인터넷 보안 프로토콜을 이용하는 IPsec은 센터와 지점 모두 별도의 하드웨어 장비가 필요하다.",,2022년 2회,보안,소프트웨어 개발 보안 구축,
관계해석,"( )은 관계 데이터 모델의 제안자인 코드(Codd)가 관계 데이터베이스에 적용할 수 있도록 설계하여 제안하였다.
원하는 정보와 그 정보를 어떻게 유도하는가를 기술하는 비절차적인 언어이다.
수학의 프레디킷 해석(Predicate Calculus)에 기반을 두고 있다.
튜플 ( )와 도메인 ( )가 있다.",,2022년 2회,데이터베이스,응용 SW 기초 기술 활용,
"IGP, EGP","자치 시스템(AS: Autonomous System)은 인터넷상에서 관리적 측면에서 한 단체에 속하여 고나리되고 제어됨으로써, 동일한 라우팅 정책을 사용하는 네트워크 또는 네트워크 그룹을 말한다. 라우팅 도메인으로도 불리며, 전 세계적으로 유일한 자치 시스템번호, AN(Autonomous System Number)을 부여받는다. AS 번호에 따라 (1)와 (2)로 구분한다. 동일한 AS 번호를 사용하는 라우팅 프로토콜을 (1)이라 하며, 다른 AS 번호가 사용되는 라우팅 프로토콜을 (2)라 한다.",,2022년 2회,프로토콜,응용 SW 기초 기술 활용,
OSPF,"한 자치 시스템 내에서의 IP 네트워크는 라우팅 정보를 교환하기 위해 내부 라우팅 프로토콜인 IGP를 사용한다. IGP 의 대표적인 프로토콜로는 RIP와 ( )가 있으며, RIP는 경유하는 라우터의 대수(hop의 수량)에 따라 최단 경로를 동적으로 결정하는 거리 벡터(Distance Vector) 알고리즘을 사용한다. ( )은 링크 상태(Link-State) 라우팅 프로토콜로 IP 패킷에서 프로토콜 번호 89번을 사용하여 라우팅 정보를 전송하여 안정되고 다양한 기능으로 가장 많이 사용되는 IGP이다.",,2022년 2회,프로토콜,응용 SW 기초 기술 활용,
BGP,"타 자치 시스템과의 라우팅 정보 교환을 위해서는 외부 라우팅 프로토콜인 EGP를 사용한다. 연구기관이나 국가기간, 대학, 기업 간, 즉 도메인(게이트웨이) 간에 라우팅 정보를 교환한다. EGP의 대표적인 프로토콜인 ( )는 자치 시스템간의 라우팅 테이블을 전달하는데 주로 이용이 되며, 초기에 연결될 때에는 전체 경로 테이블의 내용을 교환하고, 이후에는 변화된 정보만을 교환한다.",,2022년 2회,프로토콜,응용 SW 기초 기술 활용,
"HTTP, Hypertext, HTML","(1)는 TCP/IP 관련 프로토콜 중 (2)를 전송을 위한 프로토콜로 인터넷상의 서버와 클라이언트 사이의 멀티미디어를 송수신하기 위한 프로토콜이다. (1)는 월드 와이드 웹을 위한 데이터 통신의 기초이다.
(2)에서 다른 문서 간의 연결을 링크(Link)라고 한다. 링크를 이용하면 하나의 문서를 보다가 내용 중의 특정 부분과 관련된 다른 부분을 쉽게 참조할 수 있다.
(3)은 웹 브라우저에 표시될 수 있는 웹 페이지와 기타 정보들을 보여주기 위한 주요 마크업 언어이다.",,2022년 2회,IT 용어,정보처리 실무 일반(기타),
SDLC,시스템의 요구분석부터 유지보수까지 전 공정을 체계화한 절차이다.,,기출 예상 문제,소프트웨어 생명주기,요구사항 확인,
설계 단계,소프트웨어 생명주기 모델 중에서 시스템 명세 단계에서 정의한 기능을 실제 수행할 수 있도록 수행 방법을 논리적으로 결정하는 단계는 무엇인가?,,기출 예상 문제,소프트웨어 생명주기,요구사항 확인,
폭포수 모델(Waterfall Model),소프트웨어 개발 시 각 단계를 확실히 마무리 지은 후에 다음 단계로 넘어가는 모델은 무엇인가?,,기출 예상 문제,소프트웨어 개발 방법론,요구사항 확인,
구조적 방법론,"전체 시스템을 기능에 따라 나누어 개발하고, 이를 통합하는 분할과 정복 접근 방식의 방법론은 무엇인가?",,기출 예상 문제,소프트웨어 개발 방법론,요구사항 확인,
TDD(Test Driven Development),"작성해야 하는 프로그램에 대한 테스트를 먼저 수행하고, 이 테스트를 통과할 수 있도록 실제 프로그램의 코드를 작성한다는 원리이다.",,기출 예상 문제,소프트웨어 개발 방법론,요구사항 확인,
지속적인 통합(CI),XP 12가지 가치 중 매일 여러 번씩 소프트웨어를 통합하고 빌드해야 한다는 원리는 무엇인가?,,기출 예상 문제,소프트웨어 개발 방법론,요구사항 확인,
스크럼,"애자일 방법론 중에서 매일 정해진 시간, 장소에서 짧은 시간의 개발을 하는 팀을 위한 프로젝트 관리 중심 방법론은 무엇인가?",,기출 예상 문제,소프트웨어 개발 방법론,요구사항 확인,
델파이 기법(Delphi Method),전문가의 경험적 지식을 통한 문제 해결 및 미래예측을 위한 기법이다.,,기출 예상 문제,소프트웨어 개발 방법론,요구사항 확인,
기능점수(FP),"요구 기능을 증가시키는 인자별로 가중치를 부여하고, 요인별 가중치를 합산하여 총 기능 점수를 계산하여 비용을 산정하는 방식은 무엇인가?",,기출 예상 문제,소프트웨어 개발 방법론,요구사항 확인,
PERT,"일의 순서를 계획적으로 정리하기 위한 수렴 기법으로 비관치, 중간치, 낙관치의 3점 추정방식을 통해 일정을 관리하는 기법은 무엇인가?",,기출 예상 문제,소프트웨어 개발 방법론,요구사항 확인,
제품 소프트웨어 패키징,( )은 개발이 완료된 제품 소프트웨어를 고객에게 전달하기 위한 형태로 포장하는 과정이다.,,기출 예상 문제,소프트웨어 개발 방법론,요구사항 확인,
모듈,( )은 소프트웨어 설계에서 기능 단위로 분해하고 추상화되어 재사용 및 공유 가능한 수준으로 만들어진 단위이다.,,기출 예상 문제,소프트웨어 개발 방법론,요구사항 확인,
모듈화,"( )는 모듈을 이용하여 소프트웨어의 성능을 향상시키거나 시스템의 디버깅, 시험, 통합, 수정을 용이하도록 하는 소프트웨어 설계 기법이다.",,기출 예상 문제,소프트웨어 개발 방법론,요구사항 확인,
빌드,( )는 소스 코드 파일을 컴퓨터에서 실행할 수 있는 제품 소프트웨어의 단위로 변환하는 과정이다.,,기출 예상 문제,소프트웨어 개발 방법론,요구사항 확인,
릴리즈 노트,( )는 조직의 최종 사용자인 고객과 잘 정리된 릴리즈 정보를 공유하는 문서이다.,,기출 예상 문제,소프트웨어 개발 방법론,요구사항 확인,
제품 소프트웨어 패키징 도구,"( )는 배포를 위한 패키징 시에 디지털 콘텐츠의 지적 재산권을 보호하고 관리하는 기능을 제공하며, 안전한 유통과 배포를 보장하는 도구이다.",,기출 예상 문제,소프트웨어 개발 방법론,요구사항 확인,
저작권 보호 기술,( )은 콘텐츠 및 프로그램과 같이 복제가 용이한 저작물에 대해 불법 복제 및 배포 등을 막기 위한 기술적인 방법이다.,,기출 예상 문제,소프트웨어 개발 방법론,요구사항 확인,
패키저,( )는 저작권 관리에서 콘텐츠를 메타 데이터와 함께 배포 가능한 단위로 묶는 기능을 수행한다.,,기출 예상 문제,소프트웨어 개발 방법론,요구사항 확인,
보안 컨테이너,( )는 저작권 관리에서 원본을 안전하게 유통하기 위한 전자적 보안 장치이다.,,기출 예상 문제,소프트웨어 개발 방법론,요구사항 확인,
클리어링 하우스,( )는 저작권 관리에서 키 관리 및 라이선스 발급 관리를 수행한다.,,기출 예상 문제,소프트웨어 개발 방법론,요구사항 확인,
PKI,"( )는 공개키 암호 방식 기반으로 디지털 인증서를 활용하는 소프트웨어, 하드웨어, 사용자, 정책 및 제도 등을 총칭하는 암호 기술이다.",,기출 예상 문제,소프트웨어 개발 방법론,요구사항 확인,
DOI,( )는 디지털 저작물에 특정한 번호를 부여하는 일종의 바코드 시스템으로 디지털 저작물의 저작권 보호 및 정확한 위치 추적이 가능한 시스템이다.,,기출 예상 문제,소프트웨어 개발 방법론,요구사항 확인,
XrML,( )은 디지털 콘텐츠/웹 서비스 권리 조건을 표현한 XML 기반의 마크업 언어이다.,,기출 예상 문제,소프트웨어 개발 방법론,요구사항 확인,
MPEG-21,( )은 멀티미디어 관련 요소 기술들이 통일된 형태로 상호 운용성을 보장하는 멀티미디어 표준 규격이다.,,기출 예상 문제,소프트웨어 개발 방법론,요구사항 확인,
CMS,"( )는 다양한 미디어 포맷에 따라 각종 콘텐츠를 작성, 수집, 관리, 배급하는 콘텐츠 생산에서 활용, 폐기까지 전 공급 과정을 관리하는 기술이다.",,기출 예상 문제,현행 시스템 분석,요구사항 확인,
코드 난독화,( )는 역공학을 통한 공격을 막기 위해 프로그램의 소스 코드를 알아보기 힘든 형태로 바꾸는 기술이다.,,기출 예상 문제,현행 시스템 분석,요구사항 확인,
Secure DB,"( )는 커널 암호화 방식으로 데이터베이스 파일을 직접 암호화하고, 접근 제어와 감사 기록 기능이 추가된 데이터베이스 보안강화 기술이다.",,기출 예상 문제,현행 시스템 분석,요구사항 확인,
SSO,( )는 한 번의 시스템 인증을 통하여 여러 정보시스템에 재인증 절차 없이 접근할 수 있는 통합 로그인 기술이다.,,기출 예상 문제,현행 시스템 분석,요구사항 확인,
제품 소프트웨어 메뉴얼,( )는 제품 소프트웨어 개발단계부터 적용한 기준이나 패키징 이후 설치 및 사용자 측면의 주요 내용 등을 기록한 문서이다.,,기출 예상 문제,현행 시스템 분석,요구사항 확인,
제품 소프트웨어 설치 매뉴얼,( )은 사용자가 제품을 구매한 후 최초 설치 시 참조하는 메뉴얼이다.,,기출 예상 문제,현행 시스템 분석,요구사항 확인,
제품 소프트웨어 배포본,( )은 개발된 컴포넌트 또는 패키지에 대해 제품화하고 배포 정보를 포함한 문서이다.,,기출 예상 문제,현행 시스템 분석,요구사항 확인,
백업,"( )은 소스 및 자료에 대해 천재지변이나 해킹, 소프트웨어 버그 및 오동작 등으로 인한 각종 재해에 대비해 시스템을 회복 가능한 상태로 만들기 위해 준비하는 작업이다.",,기출 예상 문제,현행 시스템 분석,요구사항 확인,
백업 정책,"버전 관리 도구를 활용, 제품 소프트웨어 백업은 내부의 정확한 ( )을 먼저 세워야 하고, 상세 백업 방법을 공유해야 한다.",,기출 예상 문제,현행 시스템 분석,요구사항 확인,
헤더,"( )는 릴리즈 노트 작성 항목 중 문서 이름(릴리스 노트 이름), 제품 이름, 버전 번호, 릴리즈 날짜, 참고 날짜, 노트 버전 등의 정보이다.",,기출 예상 문제,현행 시스템 분석,요구사항 확인,
재현 항목,( )은 릴리즈 노트 작성 항목 중 버그 발견에 따른 재현 단계 기술이다.,,기출 예상 문제,현행 시스템 분석,요구사항 확인,
사용자 영향도,( )는 릴리즈 노트 작성 항목 중 버전 변경에 따른 최종 사용자 기준의 기능 및 응용 프로그램상의 영향도 기술이다.,,기출 예상 문제,현행 시스템 분석,요구사항 확인,
노트,"( )는 릴리즈 노트 작성 항목 중 소프트웨어 및 하드웨어 설치 항목, 제품, 문서를 포함한 업그레이드 항목 메모이다.",,기출 예상 문제,현행 시스템 분석,요구사항 확인,
소프트웨어 아키텍처,소프트웨어 아키텍처는 여러 가지 소프트웨어 구성요소와 그 구성요소가 가진 특성 중에서 외부에 드러나는 특성. 그리고 구성요소 간의 관계를 표현하는 시스템의 구조나 구조체이다.,,기출 예상 문제,현행 시스템 분석,요구사항 확인,
프로세스 뷰(Process View),"4+1 뷰 중 다음 설명에 해당하는 뷰가 무엇인지 쓰시오.
- 시스템의 비기능적인 속성으로서 자원의 효율적인 사용 병행 실행 비동기. 이벤트 처리 등을 표현한 뷰
- 개발자. 시스템 통합자 관점",,기출 예상 문제,현행 시스템 분석,요구사항 확인,
계층화 패턴(Layered Pattern),시스템을 계층(Layer)으로 구분하여 구성하는 패턴으로 서로 마주 보는 두 개의 계층 사이에서만 상호 작용이 이루어지는 패턴은 무엇인가?,,기출 예상 문제,현행 시스템 분석,요구사항 확인,
MVC 패턴,"대화형 애플리케이션을 모델, 뷰, 컨트롤러 3개의 서브 시스템으로 구조화하는 패턴이다",,기출 예상 문제,현행 시스템 분석,요구사항 확인,
디자인 패턴,소프트웨어 공학의 소프트웨어 설계에서 공통으로 발생하는 문제에 대해 자주 쓰이는 설계 방법을 정리한 패턴이다,,기출 예상 문제,현행 시스템 분석,요구사항 확인,
싱글톤(Singleton) 패턴,"전역 변수를 사용하지 않고 객체를 하나만 생성하도록하며, 생성된 객체를 어디에서든지 참조할 수 있도록하고, 한 클래스에 한 객체만 존재하도록 제한하는 디자인패턴은무엇인가?",,기출 예상 문제,현행 시스템 분석,요구사항 확인,
팩토리 메서드(Factory Method) 패턴,"상위 클래스에서 객체를 생성하는 인터페이스를 정의하고, 하위 클래스에서 인스턴스를 생성하도록 하는 방식으로, 상위 클래스에서는 인스턴스를 만드는 방법만 결정하고, 하위 클래스에서 그 데이터의 생성을 책임지고 조작하는 함수들을 오버라이딩하여 인터페이스와 실제 객체를 생성하는 클래스를 분리할 수 있는 특성을 갖는 디자인 패턴은 무엇인가?",,기출 예상 문제,현행 시스템 분석,요구사항 확인,
전략(Strategy) 패턴,"알고리즘 군을 정의하고(추상 클래스) 같은 알고리즘을 각각 하나의 클래스로 캡슐화한 다음, 필요할 때 서로 교환해서 사용할 수 있게 하는 패턴으로, 행위를 클래스로 캡슐화해 동적으로 행위를 자유롭게 바꿀 수 있게 해주는 디자인 패턴은 무엇인가?",,기출 예상 문제,현행 시스템 분석,요구사항 확인,
템플릿(Template) 패턴,"어떤 작업을 처리하는 일부분을 서브 클래스로 캡슐화해 전체 일을 수행하는 구조는 바꾸지 않으면서 특정단계에서 수행하는 내역을 바꾸는 패턴으로 일반적으로 상위 클래스(추상 클래스)에는 추상 메서드를 통해 기능의 골격을 제공하고, 하위 클래스(구체 클래스)의 메서드에는 세부 처리를 구체화하는 방식으로 사용하며 코드 양을 줄이고 유지보수를 용이하게 만드는 특징을 갖는 디자인 패턴은 무엇인가?",,기출 예상 문제,현행 시스템 분석,요구사항 확인,
Adapter,"다음 설명에 해당하는 디자인 패턴을 쓰시오.
- 기존에 생성된 클래스를 재사용할 수 도록 중간에서 맞춰주는 역할을 하는 인터페이스를 만드는 패턴으로. 상속을 이용하는 클래스 패턴과 위임을 이용하는 인스턴스 패턴의 두 가지 형태로 사용되는 디자인 패턴
- 인터페이스가 호환되지 않는 클래스들을 함께 이용할 수 있도록 타 클래스의 인터페이스를 기존 인터페이스에 덧씌움",,기출 예상 문제,현행 시스템 분석,요구사항 확인,
행위 패턴,"Template Method, State, Observer 패턴이 포함된 디자인 패턴의 종류는 무엇인지 쓰시오.",,기출 예상 문제,현행 시스템 분석,요구사항 확인,
URl(Uniform Resource Identifier),( )은 식별 기술 중 인터넷에 있는 자원을 나타내는 유일한 주소이다.,,기출 예상 문제,요구사항 확인,요구사항 확인,
전자서명,"( )은 서명자를 확인하고 서명자가 당해 전자문서에 서명했다는 사실을 나타내가 위
해 특정 전자문서에 첨부되거나 논리적으로 결합된 전자적 형태의 정보이다.",,기출 예상 문제,요구사항 확인,요구사항 확인,
XML(eXtensible Markup Language),( )은 다른 특수한 목적을 갖는 마크업 언어를 만드는 데 사용하도록 권장하는 다목적 언어이다.,,기출 예상 문제,요구사항 확인,요구사항 확인,
Secure,( )는 커널 암호화 방식으로 데이터베이스 파일을 직접 암호화하고. 접근 제어와 감사 기록 가능이 추가된 데이터베이스 보안 강화 기술이다.,,기출 예상 문제,요구사항 확인,요구사항 확인,
SSO(Sin-gle Sign On),( )는 한 번의 시스템 인증을 통하여 여러 정보 시스템에 재인증 절차 없이 접근할 수 있는 통합 로그인 기술이다.,,기출 예상 문제,요구사항 확인,요구사항 확인,
 요구 공학,"사용자의 요구가 반영된 시스템을 개발하기 위하여 사용자 요구사항에 대한 도출, 분석, 명세, 확인 및 검증하는 구조화된 활동이다",,기출 예상 문제,요구사항 확인,요구사항 확인,
요구사항 도출,"요구사항 개발 단계 중에서 소프트웨어가 해결해야 할 문제를 이해하고, 고객으로부터 제시되는 추상적 요구에 대해 관련 정보를 식별하고, 수집 방법 결정, 수집된 요구사항을 구체적으로 표현하는 단계는 무엇인가?",,기출 예상 문제,요구사항 확인,요구사항 확인,
브레인스토밍(Brainstorming),"말을 꺼내기 쉬운 분위기로 만들어 , 회의 참석자들이 내놓은 아이디어들을 비판 없이 수용할 수 있도록 하는 회의는 무엇인가?",,기출 예상 문제,요구사항 확인,요구사항 확인,
비정형 명세 기법,요구사항 명세 단계에서 사용자의 요구를 표현할 때 자연어를 기반으로 서술하는 기법은 무엇인가?,,기출 예상 문제,요구사항 확인,요구사항 확인,
요구사항 명세서,소프트웨어 개발 프로세스의 시작인 소프트웨어의 요구사항을 분석하고 정의하는 단계에서 작성되는 최종 산출물은무엇인가?,,기출 예상 문제,요구사항 확인,요구사항 확인,
인스펙션,"소프트웨어 요구, 설계, 원시 코드 등의 저작자 외의 다른 전문가 또는 팀이 검사하여 문제를 식별하고 문제에 대한 올바른 해결을 찾아내는 형식적인 검토 기법은 무엇인가?",,기출 예상 문제,요구사항 확인,요구사항 확인,
형상통제 위원회 (Configuration Control Board),형상 관리에 대한 주요 방침을 정하고 산출물을 검토하며. 단계별 의사결정을 수행하는 조직이다,,기출 예상 문제,요구사항 확인,요구사항 확인,
액터(Actor),"시스템의 외부에 있고, 시스템과 상호 작용을 하는 사람 또는 시스템이다.",,기출 예상 문제,분석 모델 확인하기,요구사항 확인,
유스케이스 (Usecase),"시스템이 액터에게 제공해야 하는 기능으로 시스템 요구사항이자, 사용자 입장에서 바라본 시스템의 기능이다.",,기출 예상 문제,분석 모델 확인하기,요구사항 확인,
분석 자동화 도구,"요구사항을 자동으로 분석하고, 요구사항 분석 명세서를 기술하도록 개발된 요구사항 분석을 위한 자동화 도구이다.",,기출 예상 문제,분석 모델 확인하기,요구사항 확인,
컴포넌트(Component),원하는 데이터베이스와 소프트웨어의 개발된 모듈 단위이다,,기출 예상 문제,소프트웨어 개발 방법론,요구사항 확인,
델파이 기법(Delphi Method),전문가의 경험적 지식을 통한 문제 해결 및 미래예측을 위한 기법으로 전문가 합의법이라고도한다.,,기출 예상 문제,소프트웨어 개발 방법론,요구사항 확인,
"주 공정(Critical -
Path; 임계 경로)",프로젝트의 시작에서 종료까지 가장 긴 시간이 걸리는 경로이다.,,기출 예상 문제,소프트웨어 개발 방법론,요구사항 확인,
X.25,패킷 교환망에서 회선 종단 장치와 데이터 단말 장치 사이에 이루어지는 상호 작용을 규정한프로토콜이다.,,기출 예상 문제,현행 시스템 분석,요구사항 확인,
"IPS(lntrusion Prevention
System, 칩입 차단 시스템)","네트워크에 대한 공격이나 침입을 실시간적으로 차단하고, 유해트래픽에 대한 조치를 능동적으로 처리하는 시스템이다.",,기출 예상 문제,현행 시스템 분석,요구사항 확인,
라우터(Router),"OSI 계층에서 사용하는 네트워크 장비로 스위치를 서로 연결하여 네트워크 간 비용 소모가 최적화된 라우팅 경로를 설정하고 ,결정된 경로를 따라 트래픽을 전달하는 역할을 하는 장비이다",,기출 예상 문제,현행 시스템 분석,요구사항 확인,
프로세스(Process),운영체제가 관리하는 실행단위로 프로세서에 의해 처리되는 PCB를 가진 시스템 프로그램이다.,,기출 예상 문제,현행 시스템 분석,요구사항 확인,
컴파일 타임(Compile Time),"소스 코드를 작성하고 컴파일이라는 과정을 통해 기계어 코드로 변환되어, 실행 가능한 프로
그램이 되는 과정이다(정적 메모리 할당수행).",,기출 예상 문제,현행 시스템 분석,요구사항 확인,
런타임(Run Time),"파일 컴파일 과정율 마친 프로그램은 사용자에 의해 실행되며, 이러한 응용 프로그램이 동작되는 과정이다(동적 메모리 할당).",,기출 예상 문제,현행 시스템 분석,요구사항 확인,
인터페이스 (Interface),관련이 없는 것들이 서로 연결되기 위한 디바이스나 시스템을 의미한다.,,기출 예상 문제,현행 시스템 분석,요구사항 확인,
시스템 아키텍처(System Architecture),"시스템 목적을 달성하기 위해서 시스템 각 컴포넌트가 무엇이며 어떻게 상호 작용하는지, 정보가 어떻게 교환되는지를 설명하는 뼈대구조이다.",,기출 예상 문제,현행 시스템 분석,요구사항 확인,
프레임워크 (Framework),소프트웨어의 구체적인 부분에 해당하는 설계와 구현을 재사용이 가능하게끔 클래스들을 제공하는 틀이다.,,기출 예상 문제,현행 시스템 분석,요구사항 확인,
프로토콜(Protocol),서로 다른 시스템에 있는 두 개 간의 데이터 교환을 원활히 하기 위한 일련의 통신규약이다.,,기출 예상 문제,현행 시스템 분석,요구사항 확인,
배치 작업(Batch Job),실시간 작업의 반대 개념으로 일련의 작업을 하나의 작업 단위로 묶어서 일괄로 처리하는 작업이다.,,기출 예상 문제,현행 시스템 분석,요구사항 확인,
백본망(Backbone Network),"다양한 네트워크를 상호 연결하는 컴퓨터 네트워크의 일부로서, 각기 다른 LAN이나 부분망 간에 정보를 교환하기 위한 경로를 제공하는망이다.",,기출 예상 문제,현행 시스템 분석,요구사항 확인,
라우터(Router),3계층 데이터 패킷을 발신지에서 목적지까지 전달하기 위해 최적의 경로를 지정하고. 이 경로를 따라 데이터 패킷을 다음 장치로 전달하는 네트워크 장비이다.,,기출 예상 문제,현행 시스템 분석,요구사항 확인,
스위치(Switch),"2계층 장비로서, 동일 네트워크 내에서 출발지에 들어온 데이터 프레임을 목적지 MAC 주소 기반으로 빠르게 전달하는 네트워크 장비이다.",,기출 예상 문제,현행 시스템 분석,요구사항 확인,
게이트웨이(Gateway),"컴퓨터 네트워크에서 서로 다른 통신망, 프로토콜을 사용하는 네트워크 간의 통신을 가능하게 하는 네트워크 장비이다.",,기출 예상 문제,현행 시스템 분석,요구사항 확인,
방화벽(Firewall),외부로부터 불법 침입과 내부의 불법 정보 유출을 방지하고. 내/외부 네트워크의 상호간 영향을 차단하기 위한 보안 시스템이다.,,기출 예상 문제,현행 시스템 분석,요구사항 확인,
JDBC(Java Database Connectivity),자바(Java)에서 데이터 베이스를 사용할 수 있도록 연결해주는 응용 프로그램 인터페이스이다.,,기출 예상 문제,현행 시스템 분석,요구사항 확인,
"ODBC(Open Database
Connectivity)",데이터베이스를 액세스하기 위한 표준 개방형 응용 프로그램 인터페이스이다.,,기출 예상 문제,현행 시스템 분석,요구사항 확인,
가비지 컬렉션(GC; Garbage Collection),메모리 관리 기법의 하나로. 프로그램이 동적으로 할당했던 메모리 영역 증에서 필요 없게 된 영역을 해제하는 기능이다.,,기출 예상 문제,현행 시스템 분석,요구사항 확인,
오픈소스(Open Source),"소스 코드를 공개해 소프트웨어 혹은 하드웨어 제작자의 권리를 지키면서 원시 소스 코드를 누구나 열람,사용할 수 있도록 한 오픈 소스 라이선스를 만족하는 소프트웨어이다 .",,기출 예상 문제,현행 시스템 분석,요구사항 확인,
"총 소유 비용(TCO; Total Cost
of Ownership)",기업이 시간 경과에 따라 지불해야 하는 컴퓨팅 비용을 통합적 관점에서 직접 비용뿐 아니라 이와 관련된 숨겨진 비용까지 포함하여 파악하는 기법이다.,,기출 예상 문제,현행 시스템 분석,요구사항 확인,
고가용성(HA; High Availability),서버와 네트워크. 프로그램 등의 정보시스템이 시스템의 장애에 대응하여 상당히 오랜 기간 동안 지속적으로 정상 운영이 가능한 성질이다.,,기출 예상 문제,현행 시스템 분석,요구사항 확인,
트랜잭션(Transaction),데이터베이스 시스템에서 하나의 논리적 기능을 정상적으로 수행하기 위한 작업의 기본 단위이다.,,기출 예상 문제,현행 시스템 분석,요구사항 확인,
인터랙션(Interaction),입출력장치를 매개로 디지털 시스템과 사람이 주고받는 일련의 의사소통 과정이다.,,기출 예상 문제,현행 시스템 분석,요구사항 확인,
"데이터 흐름도(DFD; Data Flow
Diagram)","데이터 흐름도는 데이터가 각 프로세스를 따라 흐르면서 변환되는 모습을 나타낸 그림으로, 시스템 분석과 설계에서 매우 유용하게 사용되는 다이어그램이다.",,기출 예상 문제,현행 시스템 분석,요구사항 확인,
자료 사전(DD; Data Dictionary),"자료 사전은 자료 요소, 자료 요소들의 집합, 자료의 흐름, 자료 저장소의 의미와 그들 간의 관계, 관계 값, 범위, 단위들을 구체적으로 명시하는 사전이다.",,기출 예상 문제,현행 시스템 분석,요구사항 확인,
"UML(Unified Modeling
Language)","객체 지향 소프트웨어 개발 과정에서 산출물을 명세화, 시각화, 문서화할 시 사용되는 모델링 기술과 방법론을 통합해 만든 표준화된 범용 모델링 언어이다.",,기출 예상 문제,현행 시스템 분석,요구사항 확인,
"요구사항 명세서(Requirement
Specification; 요구사항 정의서)",소프트웨어 개발 프로세스의 시작인 소프트웨어의 요구사항을 분석하고 정의하는 단계에서 작성되는 최종 산출물이다.,,기출 예상 문제,현행 시스템 분석,요구사항 확인,
형상관리,소프트웨어 생명주기 동안 발생하는 변경사항을 체계적으로 관리하여 소프트웨어의 품질보증을 항상시키는 관리적 활동이다.,,기출 예상 문제,현행 시스템 분석,요구사항 확인,
"형상통제위원회
(CCB; Configuration Control
Board)","형상 관리에 대한 주요 방침을 정하고 산출물을 검토하며, 단계별 의사결정을 수행하는 조직이다.",,기출 예상 문제,현행 시스템 분석,요구사항 확인,
상호 운용성(Interoperability),다른 목적을 지닌 2개 이상 시스템들이 상호 간 정보 및 서비스를 교환하면서 효과적으로 운용될 수 있는 시스템의 능력이다.,,기출 예상 문제,현행 시스템 분석,요구사항 확인,
소프트웨어 생명주기(SDLC),시스템의 요구분석부터 유지보수까지 전 공정을 체계화한 절차이다.,,기출 예상 문제,소프트웨어 생명주기,요구사항 확인,
유지보수 단계,시스템이 인수되고 설치된 후 일어나는 모든 활동 단계는 무엇인가?,,기출 예상 문제,소프트웨어 개발 방법론,요구사항 확인,
나선형 모델(Spiral Model),시스템 개발 시 위험을 최소화하기 위해 점진적으로 완벽한 시스템으로 개발해 나가는 모델은 무엇인가?,,기출 예상 문제,소프트웨어 개발 방법론,요구사항 확인,
정보공학 방법론,정보 시스템 개발에 필요한 관리 절차와 작업 기법을 체계화한 방법론은 무엇인가?,,기출 예상 문제,소프트웨어 개발 방법론,요구사항 확인,
짝 프로그래밍(Pair Programming),개발자 둘이서 짝으로 코딩하는 원리이다.,,기출 예상 문제,소프트웨어 개발 방법론,요구사항 확인,
메타포어(Metaphor),XP 12 가지 가치 중 공통적인 이름 체계와 시스템 서술서를 통해 고객과 개발자 간의 의사소통을 원활하게 한다는 원리는 무엇인가?,,기출 예상 문제,소프트웨어 개발 방법론,요구사항 확인,
린 방법론,도요타의 시스템 품질기법을 소프트웨어 개발 프로세스에 적용해서 낭비 요소를 제거하여 품질을 항상시킨 방법론은무엇인가?,,기출 예상 문제,소프트웨어 개발 방법론,요구사항 확인,
Man Month,한 사람이 1개월 동안 할 수 있는 일의 양을 기준으로 프로젝트 비용을 산정하는 방식,,기출 예상 문제,소프트웨어 개발 방법론,요구사항 확인,
주 공정법(CPM),여러 작업들의 수행 순서가 얽혀 있는 프로젝트의 일정을 계산하는 기법은 무엇인가?,,기출 예상 문제,소프트웨어 개발 방법론,요구사항 확인,
소프트웨어 아키텍처 프레임워크,소프트웨어 집약적인 시스템에서 아키텍처가 표현해야 하는 내용 및 이들 간의 관계를 제공하는 아키텍처 기술표준은무엇인가?,,기출 예상 문제,현행 시스템 분석,요구사항 확인,
논리 뷰(Logical View),"4+1 뷰 중 다음 설명에 해당하는 뷰가 무엇인지 쓰시오.
- 시스템의 기능적인 요구사항이 어떻게 제공되는지 설명해주는 뷰
- 설계자, 개발자 관점",,기출 예상 문제,현행 시스템 분석,요구사항 확인,
"소프트웨어 아키텍처 패턴(Software Architecture
Pattern)",소프트웨어를 설계할 때 참조할 수 있는 전형적인 해결 방식이다.,,기출 예상 문제,현행 시스템 분석,요구사항 확인,
"파이프-필터 패턴
(Pipe-Filler Pattern)",데이터 스트림을 생성하고 처리하는 시스템에서 사용 가능한 패턴은 무엇인가?,,기출 예상 문제,현행 시스템 분석,요구사항 확인,
SAAM,"변경 용이성과 기능성에 집중 , 평가가 용이하여 경험이 없는 조직에서도 활용 가능한 비용 평가 모델은 무엇인가?",,기출 예상 문제,현행 시스템 분석,요구사항 확인,
빌더(Builder) 패턴,"복잡한 인스턴스를 조립하여 만드는 구조로, 복합 객체를 생성할 때 객체를 생성하는 방법(과정)과 객체를 구현(표현)하는 방법을 분리함으로써 동일한 생성 절차에서 서로 다른 표현 결과를 만들 수 있는 디자인 패턴은 무엇인가?",,기출 예상 문제,현행 시스템 분석,요구사항 확인,
팩토리 메서드(Factory Method) 패턴,"상위 클래스에서 객체를 생성하는 인터페이스를 정의하고, 하위 클래스에서 인스턴스를 생성하도록 하는 방식으로, 상위 클래스에서는 인스턴스를 만드는 방법만 결정하고, 하위 클래스에서 그 데이터의 생성을 책임지고 조작하는 함수들을 오버라이딩하여 인터페이스와 실제 객체를 생성하는 클래스를 분리할 수 있는 특성을 갖는 디자인 패턴은 무엇인가?",,기출 예상 문제,현행 시스템 분석,요구사항 확인,
요구공학,"사용자의 요구가 반영된 시스템을 개발하기 위하여 사용자 요구사항에 대한 도출, 분석, 명세, 확인 및 검증하는 구조화된 활동은 무엇인가?",,기출 예상 문제,요구사항 확인,요구사항 확인,
롤 플레잉(Role Playing),현실에 일어나는 장면을 설정하고 여러 사람이 각자가 맡은 역을 연기함으로써 요구 사항을 분석하고 수집하는 방법은무엇인가?,,기출 예상 문제,요구사항 확인,요구사항 확인,
인터뷰(lnterview),"이해관계자와 직접 대화를 통해 정보를 구하는 공식적, 비공식적 정보 수집 방법은 무엇인가?",,기출 예상 문제,요구사항 확인,요구사항 확인,
정형 명세 기법,요구사항 명세 단계에서 사용자의 요구를 표현할 때 수학적인 원리와 표기법으로 서술하는 기법은 무엇인가?,,기출 예상 문제,요구사항 확인,요구사항 확인,
워크스루,"검토 자료를 회의 전에 배포해서 사전 검토한 후 짧은 시간 동안 회의를 진행하는 형태로 리뷰를 통해 문제 식별, 대안 조사, 개선 활동, 학습 기회를 제공하는 가장 비형식적인 검토 기법은 무엇인가?",,기출 예상 문제,요구사항 확인,요구사항 확인,
"UX(User Experience; 사용자
경험)",제품과 시스템 서비스 등을 사용자가 직/간접적으로 경험하면서 느끼고 생각하는 총체적 경험을 의미한다.,,기출 예상 문제,UI 요구사항 확인,화면 설계,
소프트웨어 생명주기(SDLC),( )은 시스템의 요구분석부터 유지보수까지 전 공정을 체계화한절차이다.,,기출 예상 문제,UI 요구사항 확인,화면 설계,
폭포수 모델,"( )은 소프트웨어 개발 각 단계를 확실히 마무리 지은 후에 다음 단계로 넘어가는
가장 오래된 생명주기 모델이다.",,기출 예상 문제,UI 요구사항 확인,화면 설계,
나선형 모델,( )는 시스템 개발 시 위험을 최소화하기 위해 점진적으로 완벽한 시스템으로 개발해 나가는 모델이다.,,기출 예상 문제,UI 요구사항 확인,화면 설계,
소프트웨어 개발 방법론,"( )은 소프트웨어 개발 전 과정에 지속적으로 적용할 수 있는 방법, 절차, 기법이다",,기출 예상 문제,UI 요구사항 확인,화면 설계,
구조적 방법론,"( )은 전체 시스템을 기능에 따라 나누어 개발하고, 이를 통합하는 분할과 정복 접근방식을 사용하는 방법론이다.",,기출 예상 문제,UI 요구사항 확인,화면 설계,
나씨-슈나이더만 차트,"( )는 구조적 프로그래밍 표현을 위해 논리의 기술에 중점을 둔 도형식 표현 방법으로 연속, 선택, 반복 등의 제어 논리구조로 표현한다.",,기출 예상 문제,UI 요구사항 확인,화면 설계,
애자일 방법론,( )은 절차보다는 사람이 중심이 되어 변화에 유연하고 신속하게 적응하면서 효율적으로 시스템을 개발할 수 있는 신속 적응적 경량 개발 방법론이다.,,기출 예상 문제,UI 요구사항 확인,화면 설계,
XP,( )는 의사소통 개선과 즉각적 피드백으로 소프트웨어 품질을 높이기 위한 방법론으로 5가지 가치와 12개의 실천항목이 존재한다.,,기출 예상 문제,UI 요구사항 확인,화면 설계,
CRUD 방식,"대부분의 컴퓨터 소프트웨어가 가지는 기본적인 데이터 처리 기능인 Create(생성), Read(읽기), Update(갱신), Delete(삭제)를 묶어서 일컫는 말이다.",,기출 예상 문제,UI 요구사항 확인,화면 설계,
지속적인 통합(Cl),( )는 매일 여러 번씩 소프트웨어를 통합하고 빌드해야 한다는 원리이다.,,기출 예상 문제,UI 요구사항 확인,화면 설계,
리팩토링,"( )는 프로그램의 기능 바꾸지 않으면서 중복제거, 단순화 등을 위해 시스템 재구성한다는 원리이다.",,기출 예상 문제,UI 요구사항 확인,화면 설계,
스크럼,"( )은 애자일 방법론 중 매일 정해진 시간, 장소에서 짧은 시간의 개발을 하는 팀을 위한 프로젝트 관리 중심 방법론이다.",,기출 예상 문제,UI 요구사항 확인,화면 설계,
스프린트,( )는 스크럼 방법론에서 2~4주의 짧은 개발 기간으로 반복적 수행으로 개발품질을 향상시키는 프로젝트 수행법이다.,,기출 예상 문제,UI 요구사항 확인,화면 설계,
번 다운 차트,( )는 스크럼 방법론에서 남아있는 백로그 대비 시간을 그래픽적으로 표현한 차트이다.,,기출 예상 문제,UI 요구사항 확인,화면 설계,
LoC 모형,"( ) 소프트웨어 각 기능의 원시 코드 라인 수의 낙관치, 중간치, 비관치를 측정하여 예측치를 구하고 이를 이용하여 비용을 산정하는 방식이다.",,기출 예상 문제,UI 요구사항 확인,화면 설계,
COCOMO 모형,"( )은 보헴(Boehm)이 제안한 모형으로 프로그램 규모에 따라 비용을 산정하는 방식으로, 규모에 따라 유형이 조직형, 반 분리형, 임베디드형으로 나뉜다.",,기출 예상 문제,UI 요구사항 확인,화면 설계,
푸트남 모형,"( ) 소프트웨어 개발 주기의 단계별로 요구할 인력의 분포를 가정하는 방식으로, 시간에 따른 함수로 표현되는 Rayleigh-Norden 곡선의 노력 분포도를 기초로 한다.",,기출 예상 문제,UI 요구사항 확인,화면 설계,
리치 클라이언트(Rich Client),"SW의 실행을 클라이언트에서 책임지는 기술로 서버는 클라이언트에서 요청한 SW의 실행 코드를 스트림 형태로 제공하고, 클라이언트는 서버로부터 스트리밍되는 SW 코드를 클라이언트 PC의 자원을 이용하여 실행하는 기술이다.",,기출 예상 문제,UI 요구사항 확인,화면 설계,
씬 클라이언트(Thin Client),소프트웨어의 실행을 전적으로 서버에서 책임지는 기술로 서버에서 가상 머신을 이용하여 클라이언트의 데이터와 소프트웨어를 관리 및 실행하는 기술이다.,,기출 예상 문제,UI 요구사항 확인,화면 설계,
SSO(Single Sign On),한 번의 로그인을 통해 여러 다른 사이트들을 자동적으로 접속하여 이용하는 방법이다.,,기출 예상 문제,UI 요구사항 확인,화면 설계,
기능 점수 모형(FP 모형),"( )은 요구 기능을 증가시키는 인자별로 가중치를 부여하고, 요인별 가중치를 합산하여 총 기능의 점수를 계산하여 비용을 산정하는 방식이다.",,기출 예상 문제,UI 요구사항 확인,화면 설계,
주 공정법,"( )은 일정관리 모델 중에서 여러 작업의 수행 순서가 얽혀 있는 프로젝트의 일정을 계산하는 기법이며, 모든 자원 제약사항을 배제한 상태로 프로젝트의 시작과 끝을 나타내는 노드(Node) 와 노드 간을 연결을 통해 공정을 계산하기 위한 액티비티(Activity)로 표기한다.",,기출 예상 문제,UI 요구사항 확인,화면 설계,
PERT,"( )는 일정관리 모델 중에서 일의 순서를 계획적으로 정리하기 위한 수렴 기법으로 비관치, 중간치, 낙관치의 3점 추정방식을 통해 일정을 관리하는 기법이다.",,기출 예상 문제,UI 요구사항 확인,화면 설계,
소프트웨어 아키텍처,"( )는 여러 가지 소프트웨어 구성요소와 그 구성요소가 가진 특성 중에서 외부에 드러나는 특성, 그리고 구성요소 간의 관계를 표현하는 시스템의 구조나 구조체이다.",,기출 예상 문제,UI 요구사항 확인,화면 설계,
파이프-필터 패턴,( )은 소프트웨어 아키텍처 패턴 유형 중 하나로 데이터스트림을 생성하고 처리하는 시스템에서 사용 가능한 패턴이다.,,기출 예상 문제,UI 요구사항 확인,화면 설계,
ATAM,( )은 소프트웨어 아키텍처 비용 평가 모델 중 하나로 아키텍처 품질 속성을 만족시키는지 판단 및 품질 속성들의 이해 상충관계까지 평가하는 모델이다.,,기출 예상 문제,UI 요구사항 확인,화면 설계,
CBAM,( )은 소프트웨어 아키텍처 비용 평가 모델 중 하나로 ATAM 바탕의 시스템 아키텍처 분석 중심으로 경제적 의사결정에 대한 요구를 충족하는 비용 평가 모델이다.,,기출 예상 문제,UI 요구사항 확인,화면 설계,
디자인 패턴,( )은 소프트웨어 공학의 소프트웨어 설계에서 공통으로 발생하는 문제에 대해 자주 쓰이는 설계 방법을 정리한 패턴이다.,,기출 예상 문제,UI 요구사항 확인,화면 설계,
빌더 패턴 (Builder Pattern),"( )은 생성 패턴 중 하나로 복잡한 인스턴스를 조립하여 만드는 구조로, 복합 객체를 생성할 때 객체를 생성하는 방법(과정)과 객체를 구현(표현)하는 방법을 분리함으로써 동일한 생성 절차에서 서로 다른 결과를 만들 수 있는 디자인 패턴이다.",,기출 예상 문제,UI 요구사항 확인,화면 설계,
프로파일(Profile),어떤 시스템을 일정 범위 내에서 한정적으로 특징 지우는 그룹화 된 값이다.,,기출 예상 문제,UI 요구사항 확인,화면 설계,
리서치(Research),"지식에 대한 탐구를 기반으로 한 인간 활동이며. 이미 존재하던 지식의 발견, 해석, 정정, 재확인 등에 초점을 맞추는 체계적인 조사를말한다.",,기출 예상 문제,UI 요구사항 확인,화면 설계,
브레인스토밍(Brain Storming),집단적 창의적 발상 기법으로 집단에 소속된 인원들이 자발적으로 자연스럽게 제시된 아이디어 목록을 통해서 특정한 문제에 대한 해답을 찾고자 하는 회의 기법이다.,,기출 예상 문제,UI 요구사항 확인,화면 설계,
요구사항 매트릭스(Requirement Matrix),"다양한 경로를 통해 수집된 직접적인 요구사항을 검토하여, 페르소나(Persona)의 목적을 기준으로 데이터 요구, 기능 요구, 제품 품잘, 제약 요인 기반으로 만든 요구사항표이다.",,기출 예상 문제,UI 요구사항 확인,화면 설계,
정황 시나리오(Contextual Scenario),"요구사항 정의에 사용되는 초기 시나리오를 말하며, 높은 수준, 낙관적이면서도 발생 상황에서의 이상적인 시스템 동작에 초점을 맞추는 시나리오이다.",,기출 예상 문제,UI 요구사항 확인,화면 설계,
사용성 테스트(Usability Test),"사용자가 직접 제품을 사용하면서 미리 작성된 시나리오에 맞추어 과제를 수행한 후, 질문에 답하도록 하는 테스트이며, 현 제품에 대한 사용자의 요구사항과 행동을 관찰할 수 있는 유용한 진단방법이다.",,기출 예상 문제,UI 요구사항 확인,화면 설계,
CSS(Cascading Style Sheet),HTML 문서를 스타일링 하는 언어(W3C 의 표준)로 HTML 문서에서 link 요소를 사용해 CSS 파일을 읽어 들이면 HTML 문서의 구조를 CSS를 통해 스타일링이 가능한 언어이다.,,기출 예상 문제,UI 요구사항 확인,화면 설계,
프로토타입 패턴(Prototype Pattern),"( )은 생성 패턴 중 하나로 처음부터 일반적인 원형을 만들어 놓고, 그것을 복사한 후 필요한 부분만 수정하여 사용하는 패턴으로, 생성할 객체의 원형을 제공하는 인스턴스에서 생성할 객체들의 타입이 결정되도록 설정하며 객체를 생성할 때 갖추어야 할 기본 형태가 있을 때 사용되는 디자인 패턴이다.",,기출 예상 문제,UI 요구사항 확인,화면 설계,
싱글톤 패턴(Singleton Pattern),"( )은 생성 패턴 중 하나로 전역 변수를 사용하지 않고 객체를 하나만 생성하도록 하며, 생성된 객체를 어디에서든지 참조할 수 있도록 하는 디자인 패턴이다.",,기출 예상 문제,UI 요구사항 확인,화면 설계,
브리지 패턴(Bridge Pattern),"( )은 구조 패턴 중 하나로 기능의 클래스 계층과 구현의 클래스 계층을 연결하고, 구현부에서 추상 계층을 분리하여 추상화된 부분과 실제 구현 부분을 독립적으로 확장할 수 있는 디자인패턴이다.",,기출 예상 문제,UI 요구사항 확인,화면 설계,
OUl(Organic User lnteriace),유기적 상호 작용 기반 인터페이스라고 불리며 현실에 존재하는 모든 사물이 입출력장치로 변화할 수 있는 사용자 인터페이스(User Interface)의 유형을 쓰시오.,,기출 예상 문제,UI 요구사항 확인,화면 설계,
와이어프레임(Wire-frame),이해 관계자들과의 화면구성을 협의하거나 서비스의 간략한 흐름을 공유하기 위해 화면 단위의 레이아웃을 셜계하는 UI 화면 설계 방식은 무엇인지 쓰시오.,,기출 예상 문제,UI 요구사항 확인,화면 설계,
가시성,UI 설계 지침 중 주요 기능을 메인 화면에 노출하여 쉬운 조작이 가능해야 한다는 설계 지침은?,,기출 예상 문제,UI 요구사항 확인,화면 설계,
사용성 테스트(Usability Test),"사용자가 직접 제품을 사용하면서 미리 작성된 시나리오에 맞추어 과제를 수행한 후, 질문에 답하도록 하는 테스트이다.",,기출 예상 문제,UI 요구사항 확인,화면 설계,
스토리보드(Story Board),"화면 설계를 위해서 정책이나 프로세스 및 콘텐츠의 구성, 와이어프레임(UI, UX), 기능에 대한 정의, 데이터베이스의 연동 등 구축하는 서비스를 위한 대부분 정보가 수록된 문서로서, 디자이너와 개발자가 최종적으로 참고하는 산출 문서가 무엇인지 쓰시오.",,기출 예상 문제,UI 요구사항 확인,화면 설계,
프로토타입(Prototype),"( )은 컴퓨터 시스템이나 소프트웨어의 설계 또는 성능, 구현 가능성, 운용 가능성을 평가하거나 요구사항을 좀 더 잘 이해하고 결정하기 위하여 전체적인 기능을 간략한 형태로 구현한 시제품이다.",,기출 예상 문제,UI 요구사항 확인,화면 설계,
인스턴스(Instance),"객체 지향 프로그래밍(OOP; Object Oriented Programming)에서 해당 클래스의 구조로 컴
퓨터 저장 공간에서 할당된 실체이다.",,기출 예상 문제,UI 설계 원칙,화면 설계,
퍼사이드 패턴(Facade Pattern),"( )은 구조 패턴 중 하나로 복잡한 시스템에 대하여 단순한 인터페이스를 제공함으로
써 사용자와 시스템 간 또는 여타 시스템과의 결합도를 낮추어 시스템 구조에 대한 파악을 쉽게 하는 패턴으로 오류에 대해서 단위별로 확인할 수 있게 하며, 사용자의 측면에서 단순한 인터페이스 제공을 통해 접근성을 높일 수 있는 디자인 패턴이다.",,기출 예상 문제,UI 설계 원칙,화면 설계,
어댑터 패턴(Adapter Pattern),"( )은 구조 패턴 중 하나로 기존 생성된 클래스를 재사용할 수 있도록 중간에서 맞춰주
는 역할을 하는 인터페이스를 만드는 패턴으로, 상속을 이용하는 클래스 패턴과 위임을 이용하는 인스턴스 패턴의 두 가지 형태로 사용되는 디자인 패턴이다.",,기출 예상 문제,UI 설계 원칙,화면 설계,
템플릿 메서드 패턴(Template Method Pattern),"( )은 행위 패턴 중 하나로 어떤 작업을 처리하는 일부분을 서브 클래스로 캡슐화해 전체 일을 수행하는 구조는 바꾸지 않으면서 특정 단계에서 수행하는 내역을 바꾸는 패턴으로 일반적으로 상위 클래스(추상 클래스)에는 추상 메서드를 통해 기능의 골격을 제공하고, 하위 클래스(구체 클래스)의 메서드에는 세부 처리를 구체화하는 방식으로 사용하며 코드 앙을 줄이고 유지보수를 용이하게 만드는 특징을 갖는 디자인 패턴이다.",,기출 예상 문제,UI 설계 원칙,화면 설계,
객체(Object),"자신 고유의 데이터(Attribute)를 가지며, 클래스에서 정의한 행위(Behavior)를 수행한다.",,기출 예상 문제,UI 설계 원칙,화면 설계,
커맨드 패턴(Command Pattern),( )은 행위 패턴 중 하나로 실행될 기능을 캡슐화함으로써 주어진 여러 기능을 실행할 수 있는 재사용성이 높은 클래스를 설계하는 패턴으로 하나의 추상 클래스에 메서드를 만들어 각 명령이 들어오면 그에 맞는 서브 클래스가 선택되어 실행되는 특징을 갖는 디자인 패턴이다.,,기출 예상 문제,UI 설계 원칙,화면 설계,
옵저버 패턴(Observer Pattern),"( )은 행위 패턴 중 하나로 한 객체의 상태가 바뀌면 그 객체에 의존하는 다른 객체들에 연락이 가고 자동으로 내용이 갱신되는 방법으로 일 대 다의 의존성을 가지며 상호 작용하는
객체 사이에서는 가능하면 느슨하게 결합하는 디자인 패턴이다.",,기출 예상 문제,UI 설계 원칙,화면 설계,
전략 패턴(Strategy Pattern),"( )은 행위 패턴 중 하나로 알고리즘 군을 정의하고(추상 클래스) 같은 알고리즘을 각각 하나의 클래스로 캡슐화한 다음, 필요할 때 서로 교환해서 사용할 수 있게 하는 패턴으로, 행위를 클래스로 캡슐화해 동적으로 행위를 자유롭게 바꿀 수 있게 해주는 디자인 패턴이다.",,기출 예상 문제,UI 설계 원칙,화면 설계,
운영체제(OS),"( )는 컴퓨터 시스템이 제공하는 모든 하드웨어, 소프트웨어를 사용할 수 있도록 해주고, 컴퓨터 사용자와 컴퓨터 하드웨어 간의 인터페이스를 담당하는 프로그램으로, 사용자가 컴퓨터를 좀 더 쉽게 사용하기 위해 지원하는 소프트웨어이다.",,기출 예상 문제,UI 설계 원칙,화면 설계,
네트워크(Network),( )는 컴퓨터 장치 의 노드 간 연결(데이터 링크)을 사용하여 서로에게 데이터를 교환할 수 있도록 하는 기술이다.,,기출 예상 문제,UI 설계 원칙,화면 설계,
응용 계층,"( )은 OSI 7계층 중 하나로 사용자와 네트워크 간 응용 서비스 연결, 데이터를 생성하는 계층이며, 대표적인 프로토콜로는 HTTP, FTP가 있다.",,기출 예상 문제,UI 설계 원칙,화면 설계,
전송 계층,"( )은 OSI 7 계층 중 하나로 신뢰성 있는 통신을 보장하고, 데이터 분할과 재조립, 흐름 제어, 오류 제어, 혼잡제어 등을 담당하는 계층이며, 대표적인 프로토콜에는 TCP, UDP가 있다.",,기출 예상 문제,UI 설계 원칙,화면 설계,
네트워크 계층,"( )은 OSI 7계층 중 하나로 단말 간 데이터 전송을 위한 최적화된 경로를 제공하는 계층이며, 대표적인 프로토콜로는 IP, ICMP가 있다.",,기출 예상 문제,UI 설계 원칙,화면 설계,
데이터 링크 계층,"( )은 OSI 7계층 중 하나로 인접 시스템 간 데이터 전송, 전송오류 제어, 동기화, 흐름제어 등의 전송 기능을 제공하는 계층이며, 대표적인 프로토콜은 이더넷이다.",,기출 예상 문제,UI 설계 원칙,화면 설계,
물리 계층,"( )은 OSI 7계층 중 하나로 0과 1의 비트 정보를 회선에 보내기 위한 전기적 신호로 변환하는 계층이며, 대표적인 프로토콜은 RS-232C 이다.",,기출 예상 문제,UI 설계 원칙,화면 설계,
백본망(Backbone Network),"( )은 다양한 네트워크를 상호 연결하는 컴퓨터 네트워크의 일부로서, 각기 다른 LAN이나 부분망 간에 정보를 교환하기 위한 경로를 제공하는 망이다.",,기출 예상 문제,UI 설계 원칙,화면 설계,
라우터(Router),"( )는 3계층 데이터 패킷을 발신지에서 목적지까지 전달하기 위해 최적의 경로를 지정하고, 이 경로를 따라 데이터 패킷을 다음 장치로 전달하는 네트워크 장비이다.",,기출 예상 문제,UI 설계 원칙,화면 설계,
스위치(Switch),"( )는 2계층 장비로서, 동일 네트워크 내에서 출발지에 들어온 데이터 프레임을 목적지 MAC 주소 기반으로 빠르게 전달하는 네트워크 장비이다.",,기출 예상 문제,UI 설계 원칙,화면 설계,
게이트웨이(Gateway),"( )는 컴퓨터 네트워크에서 서로 다른 통신망, 프로토콜을 사용하는 네트워크 간의 통신을 가능하게 하는 네트워크 장비이다.",,기출 예상 문제,UI 설계 원칙,화면 설계,
방화벽(Firewall),"( )은 외부로부터 불법 침입과 내부의 불법 정보 유출을 방지하고, 내 · 외부 네트워크의 상호간 영향을 차단하기 위한 보안시스템이다.",,기출 예상 문제,UI 설계 원칙,화면 설계,
DBMS,"( )는 데이터베이스라는 데이터의 집합을 만들고, 저장 및 관리할 수 있는 기능들을 제공하는 응용 프로그램이다.",,기출 예상 문제,UI 설계 원칙,화면 설계,
미들웨어,"( )는 분산 컴퓨팅 환경에서 응용 프로그램과 프로그램이 운영되는 환경 간에 원만한 통신이 이루어질 수 있도록 제어해주는 소프트웨어로, 운영체제와 소프트웨어 애플리케이션 사이에 있다.",,기출 예상 문제,UI 설계 원칙,화면 설계,
웹 애플리케이션 서버(WAS),"( )는 서버계층에서 애플리케이션이 동작할 수 있는 환경을 제공하고 안정적인 트랜잭션 처리와 관리, 다른 이기종 시스템과의 애플리케이션 연동을 지원하는 서버이다.",,기출 예상 문제,UI 설계 원칙,화면 설계,
가비지 컬렉션(GC),"( )는 메모리 관리 기법의 하나로, 프로그램이 동적으로 할당했던 메모리 영역 중에서 필요 없게 된 영역을 해제하는 기능이다.",,기출 예상 문제,UI 설계 원칙,화면 설계,
총 소유 비용(TCO),( )은 기업이 시간 경과에 따라 지불해야하는 컴퓨팅 비용을 통합적 관점에서 직접 비용뿐 아니라 이와 관련된 숨겨진 비용까지 포함하여 파악하는 기법이다.,,기출 예상 문제,UI 설계 원칙,화면 설계,
기능적 요구사항,"( )은 시스템이 제공하는 기능, 서비스에 대한 요구사항으로 특정 입력에 대해 시스템이 어떻게 반응해야 하는지에 대해 기술한다.",,기출 예상 문제,UI 설계 원칙,화면 설계,
비기능적 요구사항,"( )은 시스템이 수행하는 기능 이외의 사항, 시스템 구축에 대한 제약사항에 관한 요구사항으로, 품질 속성에 관련하여 시스템이 갖춰야 할 사항에 관하여 기술한다.",,기출 예상 문제,UI 설계 원칙,화면 설계,
워크숍(Workshop),"( )은 단기간의 집중적인 노력을 통해 다양하고 전문적인 정보를 획득하고 공유하는 방법으로 프로젝트에 참여하는 모든 핵심 인물의 참여가 필요하고, 참석자들은 해당 전문 영역 별로 팀 협력이 필요하며 사전 준비가 요구된다.",,기출 예상 문제,UI 설계 원칙,화면 설계,
목업(Mockup),실제 제품이 나오기 전 만드는 모형을 의미(비용절감 목적),,기출 예상 문제,UI 설계 원칙,화면 설계,
감사,"( )는 소프트웨어 제품 및 프로세스가 규제, 표준, 가이드라인, 계획, 절차를 준수하고 있는지를 독립적으로 평가하는 기법으로 소프트웨어 제품의 제공자, 소비자, 제3기관이 수행한다.",,기출 예상 문제,UI 설계 원칙,화면 설계,
커뮤니케이션(Communication) 다이어그램,"시스템이나 객체들이 메시지를 주고받으며 시간의 흐름에 따라 상호 작용하는 과정을 표현하고, 문제에 객체의 연관을 표현하는 다이어그램이다.(구성요소 액터, 객체, 링크, 메시지가 있음)",,기출 예상 문제,UI 설계 원칙,화면 설계,
상태(State) 다이어그램,하나의 객체가 자신이 속한 클래스의 상태 변화 혹은 다른 객체와의 상호 작용에 따라 상태가 어떻게 변화하는지 표현하는 다이어그램이다.,,기출 예상 문제,UI 설계 원칙,화면 설계,
"사물(Things), 관계(Relationships), 다이어그램(Diagrams)","객체 지향 소프트웨어 개발 과정에서 산출물을 명세화, 시각화, 문서화할 때 사용되는 모델링 기술과 방법론을 통합해서 만든 표준화된 범용 모델링 언어인 UML 구성요소 세 가지를 쓰시오.",,기출 예상 문제,UI 설계 원칙,화면 설계,
시퀀스(Sequence) 다이어그램,"동적 다이어그램(Dynamic Diagram) 중 객체 간 상호작용을 메시지 흐름과 객체 사이 메시지를 보내는 시간을 표현하는 다이어그램으로 객체, 생명선, 실행, 메시지로 구성되어 있는 다이어그램은 무엇인가?",,기출 예상 문제,UI 설계 원칙,화면 설계,
추상 클래스(Abstract Class),"( )는 객체 인스턴스를 생성하지 않고, 단지 유사 클래스들의 공통된 특징을 정의하고, 하나 이상의 추상메서드와 일반 필드 및 일반 메서드를 포항하는 클래스이다.",,기출 예상 문제,UI 설계 원칙,화면 설계,
UI 흐름 설계,( )는 업무의 흐름이나 업무 수행과 관련된 일련의 클릭에 의한 화면의 위치와 흐름을 흐름도 형식으로 표현하는 활동이다.,,기출 예상 문제,UI 설계 원칙,화면 설계,
CLl(Command Line Interface),명령어를 텍스트로 입력하여 조작하는 사용자 인터페이스로 정적인 텍스트 기반 인터페이스,,기출 예상 문제,UI 설계 원칙,화면 설계,
NUl(Natural User Interface),키보드나 마우스 없이 신체 부위를 이용하는 사용자 인터페이스로 직관적 사용자 반응 기반인터페이스,,기출 예상 문제,UI 설계 원칙,화면 설계,
적용성(Adaptability),IS0/IEC 9126 기반 UI 품질 요구사항 중 이식성 상세품질 요구사항으로 고려된 소프트웨어의 목적을 위해 제공된 수단이나 다른 조치 없이 특정 환경으로 전환되는 능력에 따른 소프트웨어 특성은 무엇인지 작성하시오.,,기출 예상 문제,UI 설계 원칙,화면 설계,
가시성,UI 설계 지침 중 ( )은 주요 기능을 메인 화면에 노출하여 쉬운 조작이 가능해야 한다는 지침이다.,,기출 예상 문제,UI 설계 원칙,화면 설계,
시나리오 플래닝,개발 프로젝트의 성공적인 수행을 위해서 내부 관계자에게 UI 개발 필요성 및 목표를 공유하고 개발 범위를 수립하기 위한 주요 기법들 중 불확실성이 높은 상황 변화를 사전에 예측하고 다양한 시나리오를 설계하는 방법으로 불확실성을 제거해나가려는 경영 전략 기법은 무엇인가?,,기출 예상 문제,UI 설계 원칙,화면 설계,
SWOT 분석,"( )은 기업의 내부 환경과 외부 환경을 분석하여 Strength(강점), Weak-ness(약점), Opportunity(기회), Threat(위협) 요인을 규정하고 이를 토대로 경영 전략을 수립하는 방법이다.",,기출 예상 문제,UI 설계 원칙,화면 설계,
사용성 테스트(Usability Test),"UI 검증 시 사용자가 직접 제품을 사용하면서 미리 작성된 시나리오에 맞추어 과제를 수행한 후 질문에 답하도록 하는 테스트이며, 현 제품에 대한 사용자의 요구사항과 행동을 관찰할 수 있는 유용한 진단방법이다.",,기출 예상 문제,UI 설계 원칙,화면 설계,
스토리보드(Story Board),"( )는 UI 화면 설계를 위해서 정책이나 프로세스 및 콘텐츠의 구성, 와이어프레임(UI, UX), 기능에 대한 정의, 데이터베이스의 연동 등 구축하는 서비스를 위한 대부분 정보가 수록된 문서로서, 디자이너와 개발자가 최종적으로 참고하는 산출 문서이다.",,기출 예상 문제,UI 설계 원칙,화면 설계,
완전성(Complete),"UI 시나리오 문서의 작성 요건 중 UI 시나리오는 누락이 없어야 하고, 최대한 빠짐없이 가능한 한 상세하게 기술하며 시스템 기능보다 사용자의 태스크에 초점을 맞춰 기술해야 하는 요건은 무엇인가?",,기출 예상 문제,UI 설계 원칙,화면 설계,
활동(Activity) 다이어그램,동적 다이어그램(Dynamic Diagram) 중 시스템이 어떤 기능을 수행하는지를 객체의 처리 로직이나 조건에 따른 처리의 흐름으로 순서대로 표현하는 다이어그램은 무엇인지 쓰시오.,,기출 예상 문제,UI 설계 원칙,화면 설계,
개체관계 다이어그램(ERO; Entity Relationship Diagram),각 업무 분석에서 도출된 엔티티 간의 관계를 이해하기 쉽게 도식화한 다이어그램이다.,,기출 예상 문제,논리 데이터 저장소 확인,데이터 입출력 구현,
정규화(Normalization),"관계형 데이터 모델에서 데이터의 중복성을 제거하여, 이상 현상을 방지하고, 데이터의 일관성과 정확성을 유지하가 위해 무손실 분해를 하는 과정이다.",,기출 예상 문제,논리 데이터 저장소 확인,데이터 입출력 구현,
반 정규화(De-Normalization),"정규화된 엔티티, 속성, 관계에 대해 성능 향상과 개발 운영의 단순화를 위해 중복, 통합, 분리 등을 수행하는 데이터 모델링의 기법이다.",,기출 예상 문제,논리 데이터 저장소 확인,데이터 입출력 구현,
개념 모델,"- 주제 영역과 핵심 데이터 집합 간의 관계를 정의하는 모델이다.
- 전체 모델에서 중요한 골격이 되는 개체와 관계(Relationship)위주의 모델이다.",,기출 예상 문제,논리 데이터 저장소 확인,데이터 입출력 구현,
FK(Foreign Key; 외래키),어느 한 릴레이션 속성의 집합이 다른 릴레이션의 기본키이다.,,기출 예상 문제,논리 데이터 저장소 확인,데이터 입출력 구현,
유연성(Flexibility),"( )은 UI 설계 원칙 중 사용자의 인터랙션을 최대한 포용하고, 실수를 방지할 수 있도록 UI를 제작할 수 있는 원칙이고, 부특성에는 오류 예방, 실수 포용, 오류 감지가 있다.",,기출 예상 문제,UI 설계 원칙,화면 설계,
사용자 중심,( )은 UI 설계 지침 중 사용자가 이해하기 쉽고 편하게 사용할 수 있는 환경을 제공하며 실사용자에 대한 이해가 바탕이 되어야 한다는 설계 지침이다.,,기출 예상 문제,UI 설계 원칙,화면 설계,
일관성,( )은 버튼이나 조작방법을 사용자가 기억하기 빠르고 쉽게 습득할 수 있도록 설계해야 한다는 설계 지침이다.,,기출 예상 문제,UI 설계 원칙,화면 설계,
단순성,( )은 조작 방법은 가장 간단하게 작동되도록 하여 인지적 부담을 최소화해야 한다는 설계 지침이다.,,기출 예상 문제,UI 설계 원칙,화면 설계,
결과 예측,( )은 작동시킬 기능만 보고도 결과 예측이 가능해야 한다는 설계 지침이다.,,기출 예상 문제,UI 설계 원칙,화면 설계,
가시성,( )은 주요 기능을 메인 화면에 노출하여 쉬운 조작이 가능해야 한다는 설계 지침이다.,,기출 예상 문제,UI 설계 원칙,화면 설계,
접근성,"( )은 사용자의 직무, 연령, 성별 등이 고려된 다양한 계층을 수용해야 한다는 설계 지침이다.",,기출 예상 문제,UI 설계 원칙,화면 설계,
기능성(Funtionality),"( )은 UI 품질 요구사항 중 실제 수행 결과와 품질 요구사항의 차이를 분석하고, 실제 사용 시 정확하지 않은 결과가 발생할 확률과 관련하여 시스템의 동작을 관찰하기 위한 품질 기준이다.",,기출 예상 문제,UI 요구사항 확인,화면 설계,
신뢰성(Reliability),( )은 UI 품질 요구사항 중 시스템이 일정한 시간 또는 작동되는 시간 동안 의도하는 기능을 수행함을 보증하는 품질 기준이다.,,기출 예상 문제,UI 요구사항 확인,화면 설계,
사용성(Usability),( )은 UI 품질 요구사항 중 사용자와 컴퓨터 사이에 발생하는 어떠한 행위를 정확하고 쉽게 인지할 수 있는 품질 기준이다.,,기출 예상 문제,UI 요구사항 확인,화면 설계,
효율성(Efficiency),( )은 UI 품질 요구사항 중 할당된 시간에 한정된 자원으로 얼마나 빨리 처리할 수 있는가에 대한 품질 기준이다.,,기출 예상 문제,UI 요구사항 확인,화면 설계,
UI 표준,"( )은 디자인 철학과 원칙 기반하에 전체 시스템에 공통으로 적용되는 화면 간 이동, 화면구성 등에 관한 규약이다.",,기출 예상 문제,UI 요구사항 확인,화면 설계,
릴레이션(Relation),행(Row)과 열(Column)로 구성된 테이블이다.,,기출 예상 문제,논리 데이터 저장소 확인,데이터 입출력 구현,
UI 스타일 가이드,( )는 UI의 통일과 일관적인 화면을 위해서 시스템이 지켜야 할 UI 요소 정의와 화면설계원칙을 제시하여 디자이너 또는 개발자들이 웹사이트의 관련 분야 업무를 수행 할 때 지켜야 하는 규칙 문서이다.,,기출 예상 문제,UI 요구사항 확인,화면 설계,
레이아웃,"( )은 UI 스타일 가이드에서 화면 구조 정의, 상단 메뉴 구성(Top Area) 정의, 좌측 메뉴 구성(Left Area) 정의, 내용 구성(Contents Area) 정의, 하단 메뉴 구성(Footer Area) 정의, 사용 환경에 맞춰 페이지 폭 정의로 구성되어 있다.",,기출 예상 문제,UI 요구사항 확인,화면 설계,
UI 지침(Guideline),"( )은 UI 표준에 따라 사용자 인터페이스 설계, 개발 시 지켜야할 세부 사항을 규정한다.",,기출 예상 문제,UI 요구사항 확인,화면 설계,
3C 분석,"( )은 고객(Customer), 경쟁하고 있는 자사(Company)와 경쟁사(Competitor)를 비교, 분석하여 자사를 어떻게 차별화해서 경쟁에서 이길 것인가를 분석하는 기법이다.",,기출 예상 문제,UI 요구사항 확인,화면 설계,
1차 정규화(1NF),"원자값으로 구성, 반복 속성/중복 제거가 필요하다.",,기출 예상 문제,논리 데이터 저장소 확인,데이터 입출력 구현,
2차 정규화(2NF),"부분함수 종속 제거(완전 함수적 종속 관계), 주식별자 아닌 속성을 분리한다.",,기출 예상 문제,논리 데이터 저장소 확인,데이터 입출력 구현,
리서치(Research),"( )는 지식에 대한 탐구를 기반으로 한 인간 활동이며, 이미 존재하던 지식의 발견, 해석, 정정, 재확인 등에 초점을 맞추는 체계적인 조사를 말한다.",,기출 예상 문제,UI 설계 원칙,화면 설계,
페르소나(Persona),( )는 사용자 요구사항 도출을 위하여 잠재적 사용자의 다양한 목적과 관찰된 행동 패턴을 응집시켜 놓은 가상의 사용자이다.,,기출 예상 문제,UI 설계 원칙,화면 설계,
UI 컨셉션,( )은 정리된 요구사항을 구체화하는 단계로 화면 디자인 단계 전에 대표 화면 설계를 진행하는 단계이다.,,기출 예상 문제,UI 설계 원칙,화면 설계,
3차 정규화(3NF),"이행함수 종속 제거, 속성에 종속적인 속성을 분리한다.",,기출 예상 문제,논리 데이터 저장소 확인,데이터 입출력 구현,
유스케이스 다이어그램(Usecase Diagram),( )은 시스템이 제공하고 있는 기능 및 그와 관련된 외부 요소를 사용자의 관점에서 표현하는 다이어그램이다.,,기출 예상 문제,UI 설계 원칙,화면 설계,
4차 정규화(4NF),"다치(다중 값) 종속 제거, 특정 속성값에 따라 선택적인 속성을 분리한다.",,기출 예상 문제,논리 데이터 저장소 확인,데이터 입출력 구현,
5차 정규화(5NF),조인 종속을 제거한다.,,기출 예상 문제,논리 데이터 저장소 확인,데이터 입출력 구현,
관계(Relationships),( )는 UML 구성 요소 중 사물의 의미를 확장하고 명확히 하는 요소로 사물과 사물을 연결하여 관계를 표현하는 요소이고 단어 관점에서 ‘형용사’ 또는 ‘부사’를 의미한다.,,기출 예상 문제,UI 설계 원칙,화면 설계,
배치(Deployment),"( )는 UML 다이어그램 중 컴포넌트 사이의 종속성을 표현하고, 결과물, 프로세스, 컴포넌트 등 물리적 요소들의 위치를 표현하는 다이어그램이다.",,기출 예상 문제,UI 설계 원칙,화면 설계,
시퀀스(Sequence),( )는 UML 다이어그램 중 객체 간 동적 상호 작용을 시간적 개념을 중심으로 메시지 흐름으로 표현한 다이어그램이다.,,기출 예상 문제,UI 설계 원칙,화면 설계,
커뮤니케이션(Communication),"( )은 UML 다이어그램 중 동작에 참여하는 객체들이 주고 받는 메시지를 표현하고, 메시지뿐만 아니라 객체 간의 연관까지 표현하는 다이어그램이다.",,기출 예상 문제,UI 설계 원칙,화면 설계,
상태(State),( )는 UML 다이어그램 중 하나의 객체가 자신이 속한 클래스의 상태 변화 혹은 다른 객체와의 상호 작용에 따라 상태가 어떻게 변화하는지 표현하는 다이어그램이다.,,기출 예상 문제,UI 설계 원칙,화면 설계,
활동(Activity),( )은 UML 다이어그램 중 시스템이 어떤 기능을 수행하는지를 객체의 처리 로직이나 조건에 따른 처리의 흐름으로 순서대로 표현하는 다이어그램이다.,,기출 예상 문제,UI 설계 원칙,화면 설계,
타이밍(Timing),( )은 UML 다이어그램 중 객체 상태 변화와 시간 제약을 명시적으로 표현하는 다이어그램이다.,,기출 예상 문제,UI 설계 원칙,화면 설계,
UML 스테레오 타입(Stereotype),( )은 UML의 기본적 요소 이외의 새로운 요소를 만들어내기 위한 확장 메커니즘으로 ‘<<>>’(길러멧; Guillemet) 기호를 사용하여 표현한다.,,기출 예상 문제,UI 설계 원칙,화면 설계,
-,클래스 다이어그램의 접근 제어자(Access Modifier) 중 ( ) 기호는 클래스 내부접근만 허용(private)하는 기호이다.,,기출 예상 문제,UI 설계 원칙,화면 설계,
+,클래스 다이어그램의 접근 제어자(Access Modifier) 중 ( ) 기호는 클래스 외부 접근을 허용(public)하는 기호이다.,,기출 예상 문제,UI 설계 원칙,화면 설계,
일반화 관계(Generalization),"( )는 클래스 간의 관계에서 하나의 사물이 다른 사물에 비해 더 일반적인지 구체적인지를 표현하고, 구체적(하위)인 사물에서 일반적(상위)인 사물 쪽으로 속이 빈 화살표를 연결하여 표현한다.",,기출 예상 문제,UI 설계 원칙,화면 설계,
의존관계(Dependency),"( )는 클래스 간의 관계에서 하나의 클래스가 또다른 클래스를 사용하는 관계로 사물 사이에 서로 관련은 있으나 필요에 따라 서로에게 영향을 주는 짧은 시간 동안만 유지하는 관계를 표현하고, 영향을 주는 사물이 영향을 받는 사물 쪽으로 점선 화살표를 연결하여 표현한다.",,기출 예상 문제,UI 설계 원칙,화면 설계,
데이터베이스 이상 현상,데이터의 중복성으로 인해 릴레이션을 조작할 때 발생하는 비합리적 현상이다.,,기출 예상 문제,논리 데이터 저장소 확인,데이터 입출력 구현,
BCNF,모든 결정자가 후보 키가 되도록 하여 결정자 함수 종속성을 제거하는 단계이다.,,기출 예상 문제,논리 데이터 저장소 확인,데이터 입출력 구현,
DDL(Data Definition Language; 데이터 정의어),"( )은 데이터를 정의하는 언어로서 ‘데이터를 담는 그릇을 정의하는 언어’이다.
테이블과 같은 데이터 구조를 정의하는데 사용되는 명령어들로 특정 구조를 생성, 변경, 삭제, 이름을 바꾸는 데이터 구조와 관련된 명령어들을 ( )이라고 부른다.",,기출 예상 문제,물리 데이터 모델 설계,데이터 입출력 구현,
슈퍼 타입(Super type),모든 서브 타입으로 상속(Inheritance)되는 공통 속성이다.,,기출 예상 문제,UI 설계 원칙,화면 설계,
서브 타입(Sub type),개체(Entity)의 전체 집합에서 일부만 모아놓은 부분 속성이다,,기출 예상 문제,UI 설계 원칙,화면 설계,
튜플(Tuple),관계형 데이터베이스에서는 행(Row)을 의미한다.,,기출 예상 문제,물리 데이터 모델 설계,데이터 입출력 구현,
추상클래스(Abstract Class),"( )는 객체 인스턴스를 생성하지 않고, 단지 유사 클래스들의 공통된 특징을 정의하고, 하나 이상의 추상 메서드와 일반 필드 및 일반 메서드를 포함하는 클래스이다.",,기출 예상 문제,UI 설계 원칙,화면 설계,
액션(Action),"( )은 활동 다이어그램 구성요소 중 어떠한 일들의 처리와 실행을 의미하고, 더 이상 분해할 수 없는 단일 작업이다.",,기출 예상 문제,UI 설계 원칙,화면 설계,
애트리뷰트(Attribute), 관계형 데이터베이스에서는 테이블 내의 열을 의미한다.,,기출 예상 문제,물리 데이터 모델 설계,데이터 입출력 구현,
분포도(Selectivity),"특정 컬럼의 데이터가 테이블에 평균적으로 분포되어 있는 정도
인덱스로 적정한 분포도는 10% ~ 15%이다.",,기출 예상 문제,물리 데이터 모델 설계,데이터 입출력 구현,
포크 노드(Fork node),"( )는 활동 다이어그램 구성요소 중 평행적으로 수행되는 흐름을 나누는 노드로 굵은 가로선으로 표현하고 들어오는 액티비티 흐름은 한 개이고, 나가는 액티비티 흐름은 여러 개이다.",,기출 예상 문제,UI 설계 원칙,화면 설계,
전이 조건,( )은 상태 다이어그램 구성요소 중 특정 조건 만족 시 전이 발생하도록 하기 위해 사용되는 속성 값의 불리언 식이다.,,기출 예상 문제,UI 설계 원칙,화면 설계,
데이터 조작어(DML; Data Manipulation Language),"데이터베이스에 저장된 자료들을 입력, 수정, 삭제, 조회하는 언어이다.
( )의 유형에는 select, insert, delete, update가 있다.",,기출 예상 문제,물리 데이터 모델 설계,데이터 입출력 구현,
클러스터(Cluster),대상이 되는 범위(모집단)의 요소를 몇 개 모은 단위체이다.,,기출 예상 문제,물리 데이터 모델 설계,데이터 입출력 구현,
UI 흐름 설계,( )는 업무의 흐름이나 업무 수행과 관련된 일련의 클릭에 의한 화면의 위치와 흐름을 흐름도 형식으로 표현하는 활동이다.,,기출 예상 문제,UI 설계 원칙,화면 설계,
UI 설계서 구성,"( )은 UI 설계서 표지, UI 설계서 개정 이력, UI 요구사항 정의, 시스템 구조, 사이트맵, 프로세스 정의, 화면 설계 등으로 이루어진다.",,기출 예상 문제,UI 설계 원칙,화면 설계,
input Box,"다음은 UI 흐름 설계 수행 절차 중 기능 및 양식(Form) 확인 및 규칙 정의를 해야 하는 것에는 ( ) 확인/규칙 정의, Combo Box 확인/규칙 정의, Radio Box 확인/규칙 정의, Check Box 확인/규칙 정의가 있다.",,기출 예상 문제,UI 설계 원칙,화면 설계,
UI 상세 설계 프로세스,"( )는 UI 요구사항 최종 확인, UI 구조 설계, 사용자 기반 메뉴 구조 설계, 화면 설계, 위 시스템 단위의 내-외부 상세화면과 폼 설계 절차로 되어 있다.",,기출 예상 문제,UI 설계 원칙,화면 설계,
디스크 스트라이핑(Disk Striping),성능 향상을 위해 데이터를 1개 이상의 디스크 드라이브에 저장하여 드라이브를 병렬로 사용할 수 있는 기술이다.,,기출 예상 문제,물리 데이터 모델 설계,데이터 입출력 구현,
완전성(Complete),"( )은 UI 시나리오 문서의 작성 요건 중 UI 시나리오는 누락이 없어야 하고, 최대한 빠짐없이 가능한 한 상세하게 기술해야 한다는 원칙이다.",,기출 예상 문제,UI 설계 원칙,화면 설계,
이해성(Understandable),"( )은 UI 시나리오 문서의 작성 요건 중 처음 접하는 사람도 이해하기 쉽도록 구성하고 설명해야 하고, 이해하지 못하는 추상적인 표현이나 이해하기 어려운 용어는 사용하지 않아야 한다는 원칙이다.",,기출 예상 문제,UI 설계 원칙,화면 설계,
가독성(Readable),"( )은 UI 시나리오 문서의 작성 요건 중 문서를 쉽게 읽을 수 있어야 하고(문서 템플릿과 타이포그래피), 표준화된 템플릿을 작성하여 적용해야 한다는 원칙이다.",,기출 예상 문제,UI 설계 원칙,화면 설계,
수정 용이성(Modifiable),"( )은 UI 시나리오 문서의 작성 요건 중 쉽게 변경이 가능해야 하고, 수정 또는 개선 사항을 시나리오에 반영하는데 있어 쉽게 적용할 수 있어야 한다는 원칙이다.",,기출 예상 문제,UI 설계 원칙,화면 설계,
UI 설계 도구,"( )는 사용자와 시스템 사이에 의사소통할 수 있도록 일시적 또는 영구적인 접근을 목적으로 만들어진 물리적, 가상적 매개체인 UI의 설계를 지원하는 도구이다.",,기출 예상 문제,UI 설계 원칙,화면 설계,
물리 데이터 모델링,( )은 논리모델을 적용하고자 하는 기술에 맞도록 상세화해 가는 과정이다.,,기출 예상 문제,물리 데이터 모델 설계,데이터 입출력 구현,
인덱스,"검색 연산의 최적화를 위해 데이터베이스 내 열에 대한 정보를 구성한 데이터 구조이다.  
전체 데이터의 검색 없이 필요한 정보를 신속히 조회가 가능하게 하는 데이터 구조이다.",,기출 예상 문제,물리 데이터 모델 설계,데이터 입출력 구현,
레인지 파티셔닝(범위 파티셔닝),"연속적인 숫자나 날짜를 기준으로 하는 파티셔닝 기법이다.
손쉬운 관리 기법을 제공하여 관리 시간의 단축이 가능하다.",,기출 예상 문제,물리 데이터 모델 설계,데이터 입출력 구현,
화면 설계,"UI 설계 도구 중 파워 목업(Power Mockup), 발사믹 목업(Balsamiq Mockups), 카카오 오븐(Oven)은 ( ) 도구이다.",,기출 예상 문제,UI 설계 원칙,화면 설계,
프로토타이핑,"UI 설계 도구 중 UX핀(UXPin), 액슈어(AXURE), 네이버 프로토나우(ProtoNOW)는 ( ) 도구이다.",,기출 예상 문제,UI 설계 원칙,화면 설계,
UI 디자인,"UI 설계 도구 중 스케치(Sketch), 어도비 익스피리언스 디자인 CC는 ( ) 도구이다.",,기출 예상 문제,UI 설계 원칙,화면 설계,
링크(Link),"( )는 커뮤니케이션 다이어그램 구성요소 중 개체들 간의 관계를 표현하고 클래스가 아닌 실제 객체와의 관계를 직접적으로 보여주는 구성요소로 액터와 객체, 객체 간 실선으로 표현한다.",,기출 예상 문제,UI 설계 원칙,화면 설계,
조인 노드(Join node),"( )는 Fork Node로 나눠진 흐름을 다시 하나로 합치는 노드로 굵은 가로선으로 표현하고 들어오는 액티비티 흐름은 여러 개이고, 나가는 액티비티 흐름은 한 개이다.",,기출 예상 문제,UI 설계 원칙,화면 설계,
포함(include) 관계,"( )는 유스케이스 다이어그램 관계 중 유스케이스를 수행할 떄 다른 유스케이스가 반드시 수행되는 관계로 여러 유스케이스에서 공통적으로 발견되는 기능을 표현하고, <<include>>로 표현한다.",,기출 예상 문제,UI 설계 원칙,화면 설계,
실체화 관계(Realization),"( )는 추상 클래스나 인터페이스를 상속받아 자식클래스가 추상 메서드 구현할 때 사용하고, 사물이 할 수 있거나, 해야 하는 기능(행위, 인터페이스)으로 서로를 그룹화할 수 있는 관계를 표현한다. 사물에서 기능 쪽으로 속이 빈 점선 화살표를 연결하여 표현한다.",,기출 예상 문제,UI 설계 원칙,화면 설계,
행위적 다이어그램(동적 다이어그램),( )의 유형에는 유스케이스 / 시퀀스 / 커뮤니케이션 / 상태 / 활동 / 타이밍 다이어그램이 있다.,,기출 예상 문제,UI 설계 원칙,화면 설계,
구조적 다이어그램(정적 다이어그램),( )의 유형에는 클래스 / 객체 / 컴포넌트 / 배치 / 복합체 구조 / 패키지 다이어그램이 있다.,,기출 예상 문제,UI 설계 원칙,화면 설계,
인스턴스(Instance),( )은 객체 지향 프로그래밍(OOP; Object Oriented Programming)에서 해당 클래스의 구조로 컴퓨터 저장 공간에서 할당된 실체이다.,,기출 예상 문제,UI 설계 원칙,화면 설계,
이해성,( )는 사용성의 부특성 중 소프트웨어의 논리적인 개념과 적용 가능성(응용 가능성)을 분간하는 데 필요한 사용자의 노력 정도에 따른 소프트웨어 특성이다.,,기출 예상 문제,UI 설계 원칙,화면 설계,
학습성,( )은 사용성의 부특성 중 소프트웨어 애플리케이션을 익히는 데 필요한 사용자의 노력 정도에 따른 특성이다.,,기출 예상 문제,UI 설계 원칙,화면 설계,
운용성,( )은 사용성의 부특성 중 소프트웨어의 활용과 운용 통제에 필요한 사용자의 노력 정도에 따른 특성이다.,,기출 예상 문제,UI 설계 원칙,화면 설계,
적절성,( )은 기능성(Functionality)의 부특성 중 소프트웨어 제품이 주어진 작업과 사용자의 목표에 필요 적절한 기능들을 제공해 줄 수 있는 소프트웨어의 능력이다.,,기출 예상 문제,UI 설계 원칙,화면 설계,
정밀성,( )은 기능성(Functionality)의 부특성 중 소프트웨어 제품이 요구되는 정확도로 올바른 결과를 산출할 수 있는 능력이다.,,기출 예상 문제,UI 설계 원칙,화면 설계,
HDFS(Hadoop Distributed File System),대용량 데이터의 집합을 처리하는 응용 프로그램에 적합하도록 설계된 하둡 분산 파일 시스템이다.,,기출 예상 문제,데이터베이스 기초 활용하기,데이터 입출력 구현,
맵 리듀스(Map Reduce),구글에서 대용량 데이터 처리를 분산 병렬 컴퓨팅에서 처리하기 위한 목적으로 제작하여 2004년에 발표한 소프트웨어 프레임워크이다.,,기출 예상 문제,데이터베이스 기초 활용하기,데이터 입출력 구현,
시맨틱 웹(Semantic Web),"온톨로지를 활용하여 서비스를 기술하고, 온톨로지의 의미적 상호 운용성을 이용해서 서비스 검색, 조합, 중재 기능을 자동화하는 웹이다.",,기출 예상 문제,데이터베이스 기초 활용하기,데이터 입출력 구현,
온톨로지(Ontology),"실세계에 존재하는 모든 개념들과 개념들의 속성, 그리고 개념들 간의 관계 정보를 컴퓨터가 이해할 수 있도록 서술해 놓은 지식베이스이다.",,기출 예상 문제,데이터베이스 기초 활용하기,데이터 입출력 구현,
텍스트 마이닝(Text Mining),"대량의 텍스트 데이터로부터 패턴 또는 관계를 추출하여 의미 있는 정보를 찾아내는 기법이다.
비정형, 반정형 데이터에 대하여 자연어, 문서 처리기술을 적용하여 의미 있는 정보를 추출한다.",,기출 예상 문제,데이터베이스 기초 활용하기,데이터 입출력 구현,
웹 마이닝(Web Mining),"웹으로부터 얻어지는 방대한 양의 정보로부터 유용한 정보를 찾아내기 위하여 분석하는 기법이다.
웹 자원으로부터 의미 있는 패턴, 프로 파일, 추세 등을 발견하기 위하여 데이터 마이닝 기술을 응용한 것이다.",,기출 예상 문제,데이터베이스 기초 활용하기,데이터 입출력 구현,
데이터베이스,다수의 인원. 시스템 도는 프로그램이 사용할 목적으로 통합하여 관리되는 데이터의 집합이다.,,기출 예상 문제,데이터베이스 기초 활용하기,데이터 입출력 구현,
계층형 데이터베이스 관리시스템(HDBMS),"( )은 데이터를 상하 종속적인 관계로 관리하는 데이터베이스이다.
( )은 데이터에 대한 접근 속도가 빠르지만, 종속적인 구조로 인하여 변화하는 데이터 구조에 유연하게 대응이 어렵다.",,기출 예상 문제,데이터베이스 기초 활용하기,데이터 입출력 구현,
키-값(Key-Value) DBMS,"키 기반 Get / Put / Delete 제공, 메모리 기반에서 성능 우선 시스템 및 빅데이터 처리 가능 DBMS
Unique한 키에 하나의 값을 가지고 있는 형태
Redis, DynamoDB",,기출 예상 문제,데이터베이스 기초 활용하기,데이터 입출력 구현,
문서 저장(Document Store) DBMS,"값의 데이터 타입이 문서라는 타입을 사용하는 DBMS
문서 타입은 XML, JSON과 같이 구조화된 데이터 타입으로, 복잡한 계층 구조 표현 가능
MongoDB, Couchbase",,기출 예상 문제,데이터베이스 기초 활용하기,데이터 입출력 구현,
그래프(Graph) DBMS,"시맨틱 웹과 온톨로지 분야에서 활용되는 그래프로 데이터를 표현하는 DBMS
노드와 에지로 특징되는 요소 특화
노드 간 관계를 구조화하여 저장
Neo4j, AllegroGraph",,기출 예상 문제,데이터베이스 기초 활용하기,데이터 입출력 구현,
데이터 무결성,부적절한 자료가 입력되어 동일한 내용에 대하여 서로 다른 데이터가 저장되는 것을 허용하지 않는 성질,,기출 예상 문제,데이터베이스 기초 활용하기,데이터 입출력 구현,
데이터 일관성,"삽입, 삭제, 갱신, 생성 후에도 저장된 데이터가 변함없이 일정",,기출 예상 문제,데이터베이스 기초 활용하기,데이터 입출력 구현,
NoSQL(Not Only SQL),"( )은 전통적인 RDBMS와 다른 DBMS를 지칭하기 위한 용어로 데이터 저장에 고정된 테이블 스키마가 필요하지 않고 조인(Join) 연산을 사용할 수 없으며, 수평적으로 확장이 가능한 DBMS이다",,기출 예상 문제,데이터베이스 기초 활용하기,데이터 입출력 구현,
DBMS,"DBMS 데이터 관리의 복잡성을 해결하는 동시에 데이터 추가, 변경, 검색, 삭제 및 백업, 복구, 보안 등의 기능을 지원하는 소프트웨어이다.",,기출 예상 문제,데이터베이스 기초 활용하기,데이터 입출력 구현,
빅데이터(Big Data),"시스템 서비스, 조직(회사) 등에서 주어진 비용 시간 내에 처리 가능한 데이터 범위를 넘어서는 수십 페타바이트(PB) 크기의 비정형 데이터이다.",,기출 예상 문제,데이터베이스 기초 활용하기,데이터 입출력 구현,
카티션 프로덕트(CARTESIAN Product),"R X S 로 표현되며, R과 S에 속한 모든 튜플을 연결해 만들어진 새로운 튜플로 릴레이션 구성, 기호는 ‘X’로 표기",,기출 예상 문제,데이터베이스 기초 활용하기,데이터 입출력 구현,
기본 키(Primary Key),( )는 테이블의 각 튜플을 고유하게 식별하는 키이다.,,기출 예상 문제,데이터베이스 기초 활용하기,데이터 입출력 구현,
외래 키(Foreign Key),( )는 한 릴레이션의 컬럼이 다른 릴레이션의 기본 키로 이용되는 키이다.,,기출 예상 문제,데이터베이스 기초 활용하기,데이터 입출력 구현,
개체(Entity) 정의서,"개체(Entity) 정의서란 데이터베이스 개념 모델링 단계에서 도출한 개체의 타입과 관련 속성,
식별자 등의 정보를 개괄적으로 명세화한 정의서이다.",,기출 예상 문제,연계 데이터 구성,통합 구현,
인터페이스 ID,"인터페이스를 구분하기 위해 사용되고, 명명 표준에 맞게 부여. 일반적으로 인터페이스 식별성을 강화하기 위해 업무 분류 코드와 연속 번호를 같이 활용",,기출 예상 문제,연계 데이터 구성,통합 구현,
중계 서버(중계 시스템),연계 시스템의 구성요소 중 송신 시스템과 수신 시스템 사이에서 데이터를 송수신하고 연계 데이터의 송수신 현황을 모니터링 하는 시스템으로 연계 데이터의 보안 강화를 지원하는 시스템은 무엇인가?,,기출 예상 문제,연계 데이터 구성,통합 구현,
개념적 데이터 모델,"( )은 현실 세계에 대한 인식을 추상적, 개념적으로 표현하여 개념적 구조를 도출하는 데이터 모델이다.",,기출 예상 문제,데이터베이스 기초 활용하기,데이터 입출력 구현,
관계 데이터 모델,( )은 데이터를 행과 열로 구성된 2차원 테이블 형태로 구성한 모델이다.,,기출 예상 문제,데이터베이스 기초 활용하기,데이터 입출력 구현,
스키마(Schema),"( )는 데이터베이스의 구조, 제약조건 등의 정보를 담고 있는 기본적인 구조이다.",,기출 예상 문제,데이터베이스 기초 활용하기,데이터 입출력 구현,
관계 대수,( )는 관계형 데이터베이스에서 원하는 정보와 그 정보를 어떻게 유도하는가를 기술하는 절차적 정형 언어이다.,,기출 예상 문제,데이터베이스 기초 활용하기,데이터 입출력 구현,
차집합(Difference),( )은 R에 존재하고 S에 미존재하는 튜플로 결과 릴레이션을 구성하는 연산자이다.,,기출 예상 문제,데이터베이스 기초 활용하기,데이터 입출력 구현,
속성(Attribute),( )은 엔티티가 가지고 있는 요소 또는 성질이다.,,기출 예상 문제,데이터베이스 기초 활용하기,데이터 입출력 구현,
삽입 이상,( )은 정보 저장 시 해당 정보의 불필요한 세부정보를 입력해야 하는 경우이다.,,기출 예상 문제,데이터베이스 기초 활용하기,데이터 입출력 구현,
해시 파티셔닝(Hash Partitioning),( )은 파티션 키의 해시 함숫값에 의한 파티셔닝 기법이다.,,기출 예상 문제,데이터베이스 기초 활용하기,데이터 입출력 구현,
컴포지트 파티셔닝(Composite Partitioning),( )은 범위분할에 이후 해시 함수를 적용하여 재분할하는 파티셔닝 기법이다.,,기출 예상 문제,데이터베이스 기초 활용하기,데이터 입출력 구현,
리스트 파티셔닝(List Partitioning),( )은 특정 파티션에 저장될 데이터에 대한 명시적 제어가 가능한 파티셔닝 기법이다.,,기출 예상 문제,데이터베이스 기초 활용하기,데이터 입출력 구현,
관계형 데이터베이스 관리시스템(RDBMS),( )은 관계형 모델을 기반으로 하는 가장 보편화된 데이터베이스 관리시스템이다.,,기출 예상 문제,데이터베이스 기초 활용하기,데이터 입출력 구현,
트리거(Trigger),"특정 테이블에 삽입, 수정, 삭제 등의 데이터 변경 이벤트가 발생시 DBMS에서 자동적으로 실행되도록 구현된 프로그램이다.",,기출 예상 문제,데이터베이스 기초 활용하기,데이터 입출력 구현,
오브젝트(Object),저장공간에서 할당되어 값을 가지거나 식별자에 의해 참조되는 공간이다.,,기출 예상 문제,데이터베이스 기초 활용하기,데이터 입출력 구현,
DB 링크(Link),연계 방식은 직접 연계 방식과 중간 매개체를 이용한 간접 연계 방식으로 분류할 수 있다. 직접 연계 방식 중 ( ) 방식은 데이터베이스에서 제공하는 ( ) 객체를 이용하는 방식으로 수신 시스템에서 ( )를 생성하고 송신 시스템에서 해당 ( )를 직접 참조하는 방식이다. 괄호 ( ) 안에 들어갈 정확한 연계 기술을 쓰시오.,,기출 예상 문제,연계 메커니즘 구성,통합 구현,
커넥션 풀(Connection Pool),( )이란 데이터베이스와 연결된 커넥션을 미리 만들어서 풀(Pool) 속에 저장해 두고 필요할 떄 커넥션 풀에서 가져와 쓰고 다시 풀에 반환하는 기법이다.,,기출 예상 문제,연계 메커니즘 구성,통합 구현,
JDBC(Java Database Connectivity),데이터베이스에서 자료를 조회하거나 업데이트하기 위해서 자바에서 데이터베이스에 접속할 수 있도록 하는 자바 API를 사용하는 연계 방식,,기출 예상 문제,연계 메커니즘 구성,통합 구현,
하이퍼링크,현재 페이지에서 다른 부분으로 가거나 전혀 다른 페이지로 이동하게 해주는 연계 기술,,기출 예상 문제,연계 메커니즘 구성,통합 구현,
느슨한 결합(Loosely Coupled),( )은 특정 서비스를 변경하더라도 연결된 다른 서비스에는 영향을 주지 않는 유연한 구조라는 의미이다.,,기출 예상 문제,데이터베이스 기초 활용하기,데이터 입출력 구현,
Column Family Data Store,"( )는 Key 안에 Column, Value 조합으로 된 여러 개의 필드를 갖는 DBMS이다.",,기출 예상 문제,데이터베이스 기초 활용하기,데이터 입출력 구현,
Document Store,( )는 Value의 데이터 타입이 Document라는 타입을 사용하는 DB이다.,,기출 예상 문제,데이터베이스 기초 활용하기,데이터 입출력 구현,
Graph Store,( )는 시맨틱 웹과 온톨로지 분야에서 활용되는 그래프로 데이터를 표현하는 DBMS이다.,,기출 예상 문제,데이터베이스 기초 활용하기,데이터 입출력 구현,
데이터 회복성,( )은 장애가 발생하였을 시 특정 상태로 복구되어야하는 성질이다.,,기출 예상 문제,데이터베이스 기초 활용하기,데이터 입출력 구현,
"REST(Representational State
Transfer)","HTTP URI를 통해 자원을 명시하고, HTTP 메서드(POST, GET, PUT, DELETE)를 통해 해당 자원에 대한 생성, 조회, 갱신, 삭제 등의 명령을 적용하는 것을 의미한다.",,기출 예상 문제,데이터베이스 기초 활용하기,데이터 입출력 구현,
데이터 군집화(Clustering),( )는 대상 레코드들을 유사한 특성을 지닌 몇 개의 소그룹으로 분할하여 데이터를 분류하는 기법이다.,,기출 예상 문제,데이터베이스 기초 활용하기,데이터 입출력 구현,
네트워크 DBMS,( )는 데이터 구조를 네트워크상의 망상 형태로 표현한 데이터 모델이다.,,기출 예상 문제,데이터베이스 기초 활용하기,데이터 입출력 구현,
연쇄(Cascade),"( )는 참조되는 릴레이션에서 튜플을 삭제하고, 참조되는 릴레이션에서 이 튜플을 참조하는 튜플들도 함께 삭제하는 옵션이다.",,기출 예상 문제,데이터베이스 기초 활용하기,데이터 입출력 구현,
테스트 케이스(Test Case),"명세 기반 테스트의 설계 산출물로, 설계된 입력값, 실행조건, 기대 결과로 구성된 테스트 항목의 명세서를 말한다.",,기출 예상 문제,데이터베이스 기초 활용하기,데이터 입출력 구현,
제이슨(JSON),"비동기 브라우저 / 서버 통신(AJAX)을 위해 “속성-값 쌍”, “키-값 쌍”으로 이루어진 데이터 오브젝트를 전달하기 위해 인간이 읽을 수 있는 텍스트를 사용하는 개방형 표준 포맷이다.",,기출 예상 문제,데이터베이스 기초 활용하기,데이터 입출력 구현,
IPC(Inter-Process Communication),"공유메모리, 소켓, 세마포어, 메시지 큐 등 프로세스 간 통신하는 기술을 무엇이라고 하는지 쓰시오.",,기출 예상 문제,내외부 연계 모듈 구현,통합 구현,
EAl(Enterprise Application Integration),"시스템 통합에 사용되는 솔루션으로 구축 유형에는 Point to Point, Hub & Spoke, Message Bus가 있다. 기업에서 운영되는 서로 다른 플랫폼 및 애플리케이션 간의 정보를 전달, 연계, 통합이 가능하도록 해주는 솔루션을 무엇이라고 하는지 쓰시오.",,기출 예상 문제,내외부 연계 모듈 구현,통합 구현,
어댑터(Adaptor),다양한 패키지 애플리케이션 및 기업에서 자체적으로 개발한 애플리케이션을 연결하는 EAI의 핵심 장치로 데이터 입출력 도구,,기출 예상 문제,내외부 연계 모듈 구현,통합 구현,
브로커(Broker),"시스템 상호 간 데이터가 전송될 때, 데이터 포맷과 코드를 변환하는 솔루션",,기출 예상 문제,내외부 연계 모듈 구현,통합 구현,
허브 앤 스포크(Hub & Spoke),단일한 접점의 허브 시스템을 통하여 데이터를 전송하는 중앙 집중식 방식으로 허브 장애 시 전체 장애 발생을 일으키는 EAI 구축 유형을 무엇이라고 하는가?,,기출 예상 문제,내외부 연계 모듈 구현,통합 구현,
하이브리드(Hybrid),( ) 방식은 그룹 내 허브 앤 스포크 방식을 사용하고. 그룹 간에는 메시지 버스 방식을 사용하는 통합 방식으로 그룹 내 환경에 맞도록 연계 작업이 가능한 EA| 방식이 다,,기출 예상 문제,내외부 연계 모듈 구현,통합 구현,
ESB(Enterprise Service Bus),ESB는 기업에서 운영되는 서로 다른 플랫폼 및 애플리케이션 간을 하나의 시스템으로 관리 운영할 수 있도록 서비스 중심의 통합을 지향하는 연계 방식이다.,,기출 예상 문제,내외부 연계 모듈 구현,통합 구현,
